2026-01-07T21:15:33.383776Z  INFO main ThreadId(01) voxtech app init: voxtech_experimental::frontend::window: 32: starting app initialize
2026-01-07T21:15:33.383978Z  INFO main ThreadId(01) voxtech app init:window init: voxtech_experimental::frontend::window: 35: starting window init
2026-01-07T21:15:33.426545Z  INFO main ThreadId(01) voxtech app init:window init: voxtech_experimental::frontend::window: 50: window init succeed
2026-01-07T21:15:33.426707Z  INFO main ThreadId(01) voxtech app init:gfx init: voxtech_experimental::frontend::window: 70: starting gfx initialize
2026-01-07T21:15:33.446584Z DEBUG main ThreadId(01) voxtech app init:gfx init: wgpu_hal::vulkan::instance: 712: InstanceFlags::VALIDATION requested, but unable to find layer: VK_LAYER_KHRONOS_validation
2026-01-07T21:15:33.446625Z DEBUG main ThreadId(01) voxtech app init:gfx init: wgpu_hal::vulkan::instance: 98: GENERAL [Loader Message (0x0)]
	No valid vk_loader_settings.json file found, no loader settings will be active
2026-01-07T21:15:33.446665Z DEBUG main ThreadId(01) voxtech app init:gfx init: wgpu_hal::vulkan::instance: 150: 	objects: (type: INSTANCE, hndl: 0x245baf2be40, name: ?)
2026-01-07T21:15:33.446707Z DEBUG main ThreadId(01) voxtech app init:gfx init: wgpu_hal::vulkan::instance: 98: GENERAL [Loader Message (0x0)]
	windows_get_app_package_manifest_path: Failed to find mapping layers packages by family name
2026-01-07T21:15:33.446710Z DEBUG main ThreadId(01) voxtech app init:gfx init: wgpu_hal::vulkan::instance: 150: 	objects: (type: INSTANCE, hndl: 0x245baf2be40, name: ?)
2026-01-07T21:15:33.446711Z DEBUG main ThreadId(01) voxtech app init:gfx init: wgpu_hal::vulkan::instance: 98: GENERAL [Loader Message (0x0)]
	Checking for Layer Manifest files in Registry at HKEY_LOCAL_MACHINE\SOFTWARE\Khronos\Vulkan\ImplicitLayers
2026-01-07T21:15:33.446713Z DEBUG main ThreadId(01) voxtech app init:gfx init: wgpu_hal::vulkan::instance: 150: 	objects: (type: INSTANCE, hndl: 0x245baf2be40, name: ?)
2026-01-07T21:15:33.446759Z DEBUG main ThreadId(01) voxtech app init:gfx init: wgpu_hal::vulkan::instance: 98: GENERAL [Loader Message (0x0)]
	windows_add_json_entry: Located json file "C:\WINDOWS\System32\DriverStore\FileRepository\u0196283.inf_amd64_3979d16563294d92\B025522\amd-vulkan64.json" from PnP registry: E
2026-01-07T21:15:33.446764Z DEBUG main ThreadId(01) voxtech app init:gfx init: wgpu_hal::vulkan::instance: 150: 	objects: (type: INSTANCE, hndl: 0x245baf2be40, name: ?)
2026-01-07T21:15:33.446815Z DEBUG main ThreadId(01) voxtech app init:gfx init: wgpu_hal::vulkan::instance: 98: GENERAL [Loader Message (0x0)]
	Located json file "D:\Program Files (x86)\Steam\SteamOverlayVulkanLayer64.json" from registry "HKEY_LOCAL_MACHINE\SOFTWARE\Khronos\Vulkan\ImplicitLayers"
2026-01-07T21:15:33.446819Z DEBUG main ThreadId(01) voxtech app init:gfx init: wgpu_hal::vulkan::instance: 150: 	objects: (type: INSTANCE, hndl: 0x245baf2be40, name: ?)
2026-01-07T21:15:33.446823Z DEBUG main ThreadId(01) voxtech app init:gfx init: wgpu_hal::vulkan::instance: 98: GENERAL [Loader Message (0x0)]
	Located json file "D:\Program Files (x86)\Steam\SteamFossilizeVulkanLayer64.json" from registry "HKEY_LOCAL_MACHINE\SOFTWARE\Khronos\Vulkan\ImplicitLayers"
2026-01-07T21:15:33.446825Z DEBUG main ThreadId(01) voxtech app init:gfx init: wgpu_hal::vulkan::instance: 150: 	objects: (type: INSTANCE, hndl: 0x245baf2be40, name: ?)
2026-01-07T21:15:33.446881Z DEBUG main ThreadId(01) voxtech app init:gfx init: wgpu_hal::vulkan::instance: 98: GENERAL [Loader Message (0x0)]
	Found manifest file C:\WINDOWS\System32\DriverStore\FileRepository\u0196283.inf_amd64_3979d16563294d92\B025522\amd-vulkan64.json (file version 1.0.0)
2026-01-07T21:15:33.446885Z DEBUG main ThreadId(01) voxtech app init:gfx init: wgpu_hal::vulkan::instance: 150: 	objects: (type: INSTANCE, hndl: 0x245baf2be40, name: ?)
2026-01-07T21:15:33.446916Z DEBUG main ThreadId(01) voxtech app init:gfx init: wgpu_hal::vulkan::instance: 98: GENERAL [Loader Message (0x0)]
	Found manifest file D:\Program Files (x86)\Steam\SteamOverlayVulkanLayer64.json (file version 1.0.0)
2026-01-07T21:15:33.446919Z DEBUG main ThreadId(01) voxtech app init:gfx init: wgpu_hal::vulkan::instance: 150: 	objects: (type: INSTANCE, hndl: 0x245baf2be40, name: ?)
2026-01-07T21:15:33.446945Z DEBUG main ThreadId(01) voxtech app init:gfx init: wgpu_hal::vulkan::instance: 98: GENERAL [Loader Message (0x0)]
	Found manifest file D:\Program Files (x86)\Steam\SteamFossilizeVulkanLayer64.json (file version 1.0.0)
2026-01-07T21:15:33.446947Z DEBUG main ThreadId(01) voxtech app init:gfx init: wgpu_hal::vulkan::instance: 150: 	objects: (type: INSTANCE, hndl: 0x245baf2be40, name: ?)
2026-01-07T21:15:33.446955Z DEBUG main ThreadId(01) voxtech app init:gfx init: wgpu_hal::vulkan::instance: 98: GENERAL [Loader Message (0x0)]
	Checking for Layer Manifest files in Registry at HKEY_LOCAL_MACHINE\SOFTWARE\Khronos\Vulkan\ExplicitLayers
2026-01-07T21:15:33.446958Z DEBUG main ThreadId(01) voxtech app init:gfx init: wgpu_hal::vulkan::instance: 150: 	objects: (type: INSTANCE, hndl: 0x245baf2be40, name: ?)
2026-01-07T21:15:33.447048Z DEBUG main ThreadId(01) voxtech app init:gfx init: wgpu_hal::vulkan::instance: 98: GENERAL [Loader Message (0x0)]
	windows_get_device_registry_files: opening device PCI\VEN_1002&DEV_73DF&SUBSYS_39801462&REV_C1\6&cf24139&0&00000009
2026-01-07T21:15:33.447052Z DEBUG main ThreadId(01) voxtech app init:gfx init: wgpu_hal::vulkan::instance: 150: 	objects: (type: INSTANCE, hndl: 0x245baf2be40, name: ?)
2026-01-07T21:15:33.447068Z DEBUG main ThreadId(01) voxtech app init:gfx init: wgpu_hal::vulkan::instance: 98: GENERAL [Loader Message (0x0)]
	windows_get_device_registry_entry: Device ID(2) Does not contain a value for "VulkanExplicitLayers"
2026-01-07T21:15:33.447070Z DEBUG main ThreadId(01) voxtech app init:gfx init: wgpu_hal::vulkan::instance: 150: 	objects: (type: INSTANCE, hndl: 0x245baf2be40, name: ?)
2026-01-07T21:15:33.447075Z DEBUG main ThreadId(01) voxtech app init:gfx init: wgpu_hal::vulkan::instance: 98: GENERAL [Loader Message (0x0)]
	windows_get_device_registry_files: Opening child device 4 - SWD\DRIVERENUM\AMDFDANS&7&263757B0&0
2026-01-07T21:15:33.447077Z DEBUG main ThreadId(01) voxtech app init:gfx init: wgpu_hal::vulkan::instance: 150: 	objects: (type: INSTANCE, hndl: 0x245baf2be40, name: ?)
2026-01-07T21:15:33.447092Z DEBUG main ThreadId(01) voxtech app init:gfx init: wgpu_hal::vulkan::instance: 98: GENERAL [Loader Message (0x0)]
	windows_get_device_registry_entry: Device ID(4) Does not contain a value for "VulkanExplicitLayers"
2026-01-07T21:15:33.447096Z DEBUG main ThreadId(01) voxtech app init:gfx init: wgpu_hal::vulkan::instance: 150: 	objects: (type: INSTANCE, hndl: 0x245baf2be40, name: ?)
2026-01-07T21:15:33.447101Z DEBUG main ThreadId(01) voxtech app init:gfx init: wgpu_hal::vulkan::instance: 98: GENERAL [Loader Message (0x0)]
	windows_get_device_registry_files: Opening child device 5 - SWD\DRIVERENUM\AMDOCL&7&263757B0&0
2026-01-07T21:15:33.447102Z DEBUG main ThreadId(01) voxtech app init:gfx init: wgpu_hal::vulkan::instance: 150: 	objects: (type: INSTANCE, hndl: 0x245baf2be40, name: ?)
2026-01-07T21:15:33.447116Z DEBUG main ThreadId(01) voxtech app init:gfx init: wgpu_hal::vulkan::instance: 98: GENERAL [Loader Message (0x0)]
	windows_get_device_registry_entry: Device ID(5) Does not contain a value for "VulkanExplicitLayers"
2026-01-07T21:15:33.447119Z DEBUG main ThreadId(01) voxtech app init:gfx init: wgpu_hal::vulkan::instance: 150: 	objects: (type: INSTANCE, hndl: 0x245baf2be40, name: ?)
2026-01-07T21:15:33.447124Z DEBUG main ThreadId(01) voxtech app init:gfx init: wgpu_hal::vulkan::instance: 98: GENERAL [Loader Message (0x0)]
	windows_get_device_registry_files: Opening child device 6 - SWD\DRIVERENUM\AMDWIN&7&263757B0&0
2026-01-07T21:15:33.447125Z DEBUG main ThreadId(01) voxtech app init:gfx init: wgpu_hal::vulkan::instance: 150: 	objects: (type: INSTANCE, hndl: 0x245baf2be40, name: ?)
2026-01-07T21:15:33.447139Z DEBUG main ThreadId(01) voxtech app init:gfx init: wgpu_hal::vulkan::instance: 98: GENERAL [Loader Message (0x0)]
	windows_get_device_registry_entry: Device ID(6) Does not contain a value for "VulkanExplicitLayers"
2026-01-07T21:15:33.447141Z DEBUG main ThreadId(01) voxtech app init:gfx init: wgpu_hal::vulkan::instance: 150: 	objects: (type: INSTANCE, hndl: 0x245baf2be40, name: ?)
2026-01-07T21:15:33.447146Z DEBUG main ThreadId(01) voxtech app init:gfx init: wgpu_hal::vulkan::instance: 98: GENERAL [Loader Message (0x0)]
	windows_get_device_registry_files: Opening child device 7 - DISPLAY\ENC2384\7&263757B0&0&UID512
2026-01-07T21:15:33.447147Z DEBUG main ThreadId(01) voxtech app init:gfx init: wgpu_hal::vulkan::instance: 150: 	objects: (type: INSTANCE, hndl: 0x245baf2be40, name: ?)
2026-01-07T21:15:33.447153Z DEBUG main ThreadId(01) voxtech app init:gfx init: wgpu_hal::vulkan::instance: 98: GENERAL [Loader Message (0x0)]
	windows_get_device_registry_files: Opening child device 8 - DISPLAY\DELD062\7&263757B0&0&UID516
2026-01-07T21:15:33.447155Z DEBUG main ThreadId(01) voxtech app init:gfx init: wgpu_hal::vulkan::instance: 150: 	objects: (type: INSTANCE, hndl: 0x245baf2be40, name: ?)
2026-01-07T21:15:33.447160Z DEBUG main ThreadId(01) voxtech app init:gfx init: wgpu_hal::vulkan::instance: 98: GENERAL [Loader Message (0x0)]
	windows_get_device_registry_files: Opening child device 9 - DISPLAY\WAC1103\7&263757B0&0&UID520
2026-01-07T21:15:33.447161Z DEBUG main ThreadId(01) voxtech app init:gfx init: wgpu_hal::vulkan::instance: 150: 	objects: (type: INSTANCE, hndl: 0x245baf2be40, name: ?)
2026-01-07T21:15:33.447167Z DEBUG main ThreadId(01) voxtech app init:gfx init: wgpu_hal::vulkan::instance: 98: GENERAL [Loader Message (0x0)]
	windows_get_device_registry_files: Opening child device 10 - DISPLAY\DELA085\7&263757B0&0&UID524
2026-01-07T21:15:33.447169Z DEBUG main ThreadId(01) voxtech app init:gfx init: wgpu_hal::vulkan::instance: 150: 	objects: (type: INSTANCE, hndl: 0x245baf2be40, name: ?)
2026-01-07T21:15:33.447185Z DEBUG main ThreadId(01) voxtech app init:gfx init: wgpu_hal::vulkan::instance: 98: GENERAL [Loader Message (0x0)]
	windows_get_device_registry_files: opening device PCI\VEN_1002&DEV_13C0&SUBSYS_364E1849&REV_CB\4&16012499&0&0041
2026-01-07T21:15:33.447187Z DEBUG main ThreadId(01) voxtech app init:gfx init: wgpu_hal::vulkan::instance: 150: 	objects: (type: INSTANCE, hndl: 0x245baf2be40, name: ?)
2026-01-07T21:15:33.447203Z DEBUG main ThreadId(01) voxtech app init:gfx init: wgpu_hal::vulkan::instance: 98: GENERAL [Loader Message (0x0)]
	windows_get_device_registry_entry: Device ID(1) Does not contain a value for "VulkanExplicitLayers"
2026-01-07T21:15:33.447206Z DEBUG main ThreadId(01) voxtech app init:gfx init: wgpu_hal::vulkan::instance: 150: 	objects: (type: INSTANCE, hndl: 0x245baf2be40, name: ?)
2026-01-07T21:15:33.447211Z DEBUG main ThreadId(01) voxtech app init:gfx init: wgpu_hal::vulkan::instance: 98: GENERAL [Loader Message (0x0)]
	windows_get_device_registry_files: Opening child device 11 - SWD\DRIVERENUM\AMDFDANS&5&748453E&0
2026-01-07T21:15:33.447213Z DEBUG main ThreadId(01) voxtech app init:gfx init: wgpu_hal::vulkan::instance: 150: 	objects: (type: INSTANCE, hndl: 0x245baf2be40, name: ?)
2026-01-07T21:15:33.447227Z DEBUG main ThreadId(01) voxtech app init:gfx init: wgpu_hal::vulkan::instance: 98: GENERAL [Loader Message (0x0)]
	windows_get_device_registry_entry: Device ID(11) Does not contain a value for "VulkanExplicitLayers"
2026-01-07T21:15:33.447230Z DEBUG main ThreadId(01) voxtech app init:gfx init: wgpu_hal::vulkan::instance: 150: 	objects: (type: INSTANCE, hndl: 0x245baf2be40, name: ?)
2026-01-07T21:15:33.447240Z DEBUG main ThreadId(01) voxtech app init:gfx init: wgpu_hal::vulkan::instance: 98: GENERAL [Loader Message (0x0)]
	windows_get_device_registry_files: Opening child device 12 - SWD\DRIVERENUM\AMDOCL&5&748453E&0
2026-01-07T21:15:33.447244Z DEBUG main ThreadId(01) voxtech app init:gfx init: wgpu_hal::vulkan::instance: 150: 	objects: (type: INSTANCE, hndl: 0x245baf2be40, name: ?)
2026-01-07T21:15:33.447257Z DEBUG main ThreadId(01) voxtech app init:gfx init: wgpu_hal::vulkan::instance: 98: GENERAL [Loader Message (0x0)]
	windows_get_device_registry_entry: Device ID(12) Does not contain a value for "VulkanExplicitLayers"
2026-01-07T21:15:33.447261Z DEBUG main ThreadId(01) voxtech app init:gfx init: wgpu_hal::vulkan::instance: 150: 	objects: (type: INSTANCE, hndl: 0x245baf2be40, name: ?)
2026-01-07T21:15:33.447265Z DEBUG main ThreadId(01) voxtech app init:gfx init: wgpu_hal::vulkan::instance: 98: GENERAL [Loader Message (0x0)]
	windows_get_device_registry_files: Opening child device 13 - SWD\DRIVERENUM\AMDWIN&5&748453E&0
2026-01-07T21:15:33.447266Z DEBUG main ThreadId(01) voxtech app init:gfx init: wgpu_hal::vulkan::instance: 150: 	objects: (type: INSTANCE, hndl: 0x245baf2be40, name: ?)
2026-01-07T21:15:33.447287Z DEBUG main ThreadId(01) voxtech app init:gfx init: wgpu_hal::vulkan::instance: 98: GENERAL [Loader Message (0x0)]
	windows_get_device_registry_entry: Device ID(13) Does not contain a value for "VulkanExplicitLayers"
2026-01-07T21:15:33.447290Z DEBUG main ThreadId(01) voxtech app init:gfx init: wgpu_hal::vulkan::instance: 150: 	objects: (type: INSTANCE, hndl: 0x245baf2be40, name: ?)
2026-01-07T21:15:33.447294Z DEBUG main ThreadId(01) voxtech app init:gfx init: wgpu_hal::vulkan::instance: 98: GENERAL [Loader Message (0x0)]
	windows_get_device_registry_files: found no registry files
2026-01-07T21:15:33.447295Z DEBUG main ThreadId(01) voxtech app init:gfx init: wgpu_hal::vulkan::instance: 150: 	objects: (type: INSTANCE, hndl: 0x245baf2be40, name: ?)
2026-01-07T21:15:33.447305Z DEBUG main ThreadId(01) voxtech app init:gfx init: wgpu_hal::vulkan::instance: 98: GENERAL [Loader Message (0x0)]
	Found no registry files in HKEY_CURRENT_USER\SOFTWARE\Khronos\Vulkan\ExplicitLayers
2026-01-07T21:15:33.447308Z DEBUG main ThreadId(01) voxtech app init:gfx init: wgpu_hal::vulkan::instance: 150: 	objects: (type: INSTANCE, hndl: 0x245baf2be40, name: ?)
2026-01-07T21:15:33.447310Z  WARN main ThreadId(01) voxtech app init:gfx init: wgpu_hal::vulkan::instance: 98: GENERAL [Loader Message (0x0)]
	windows_read_data_files_in_registry: Registry lookup failed to get layer manifest files.
2026-01-07T21:15:33.447409Z  WARN main ThreadId(01) voxtech app init:gfx init: wgpu_hal::vulkan::instance: 150: 	objects: (type: INSTANCE, hndl: 0x245baf2be40, name: ?)
2026-01-07T21:15:33.447573Z DEBUG main ThreadId(01) voxtech app init:gfx init: wgpu_hal::vulkan::instance: 98: GENERAL [Loader Message (0x0)]
	windows_get_app_package_manifest_path: Failed to find mapping layers packages by family name
2026-01-07T21:15:33.447587Z DEBUG main ThreadId(01) voxtech app init:gfx init: wgpu_hal::vulkan::instance: 150: 	objects: (type: INSTANCE, hndl: 0x245baf2be40, name: ?)
2026-01-07T21:15:33.447592Z DEBUG main ThreadId(01) voxtech app init:gfx init: wgpu_hal::vulkan::instance: 98: GENERAL [Loader Message (0x0)]
	Checking for Driver Manifest files in Registry at HKEY_LOCAL_MACHINE\SOFTWARE\Khronos\Vulkan\Drivers
2026-01-07T21:15:33.447594Z DEBUG main ThreadId(01) voxtech app init:gfx init: wgpu_hal::vulkan::instance: 150: 	objects: (type: INSTANCE, hndl: 0x245baf2be40, name: ?)
2026-01-07T21:15:33.447693Z DEBUG main ThreadId(01) voxtech app init:gfx init: wgpu_hal::vulkan::instance: 98: GENERAL [Loader Message (0x0)]
	windows_add_json_entry: Located json file "C:\WINDOWS\System32\DriverStore\FileRepository\u0196283.inf_amd64_3979d16563294d92\B025522\amd-vulkan64.json" from PnP registry: E
2026-01-07T21:15:33.447708Z DEBUG main ThreadId(01) voxtech app init:gfx init: wgpu_hal::vulkan::instance: 150: 	objects: (type: INSTANCE, hndl: 0x245baf2be40, name: ?)
2026-01-07T21:15:33.447955Z DEBUG main ThreadId(01) voxtech app init:gfx init: wgpu_hal::vulkan::instance: 98: GENERAL [Loader Message (0x0)]
	Found no registry files in HKEY_LOCAL_MACHINE\SOFTWARE\Khronos\Vulkan\Drivers
2026-01-07T21:15:33.447967Z DEBUG main ThreadId(01) voxtech app init:gfx init: wgpu_hal::vulkan::instance: 150: 	objects: (type: INSTANCE, hndl: 0x245baf2be40, name: ?)
2026-01-07T21:15:33.448084Z DEBUG main ThreadId(01) voxtech app init:gfx init: wgpu_hal::vulkan::instance: 98: GENERAL [Loader Message (0x0)]
	Found ICD manifest file C:\WINDOWS\System32\DriverStore\FileRepository\u0196283.inf_amd64_3979d16563294d92\B025522\amd-vulkan64.json, version 1.0.0
2026-01-07T21:15:33.448092Z DEBUG main ThreadId(01) voxtech app init:gfx init: wgpu_hal::vulkan::instance: 150: 	objects: (type: INSTANCE, hndl: 0x245baf2be40, name: ?)
2026-01-07T21:15:33.448148Z DEBUG main ThreadId(01) voxtech app init:gfx init: wgpu_hal::vulkan::instance: 98: GENERAL [Loader Message (0x0)]
	Insert instance layer "VK_LAYER_AMD_switchable_graphics" (C:\WINDOWS\System32\DriverStore\FileRepository\u0196283.inf_amd64_3979d16563294d92\B025522\.\amdvlk64.dll)
2026-01-07T21:15:33.448151Z DEBUG main ThreadId(01) voxtech app init:gfx init: wgpu_hal::vulkan::instance: 150: 	objects: (type: INSTANCE, hndl: 0x245baf2be40, name: ?)
2026-01-07T21:15:33.448301Z DEBUG main ThreadId(01) voxtech app init:gfx init: wgpu_hal::vulkan::instance: 98: GENERAL [Loader Message (0x0)]
	vkCreateInstance layer callstack setup to:
2026-01-07T21:15:33.448308Z DEBUG main ThreadId(01) voxtech app init:gfx init: wgpu_hal::vulkan::instance: 150: 	objects: (type: INSTANCE, hndl: 0x245baf2be40, name: ?)
2026-01-07T21:15:33.448310Z DEBUG main ThreadId(01) voxtech app init:gfx init: wgpu_hal::vulkan::instance: 98: GENERAL [Loader Message (0x0)]
	   <Application>
2026-01-07T21:15:33.448312Z DEBUG main ThreadId(01) voxtech app init:gfx init: wgpu_hal::vulkan::instance: 150: 	objects: (type: INSTANCE, hndl: 0x245baf2be40, name: ?)
2026-01-07T21:15:33.448313Z DEBUG main ThreadId(01) voxtech app init:gfx init: wgpu_hal::vulkan::instance: 98: GENERAL [Loader Message (0x0)]
	     ||
2026-01-07T21:15:33.448314Z DEBUG main ThreadId(01) voxtech app init:gfx init: wgpu_hal::vulkan::instance: 150: 	objects: (type: INSTANCE, hndl: 0x245baf2be40, name: ?)
2026-01-07T21:15:33.448316Z DEBUG main ThreadId(01) voxtech app init:gfx init: wgpu_hal::vulkan::instance: 98: GENERAL [Loader Message (0x0)]
	   <Loader>
2026-01-07T21:15:33.448317Z DEBUG main ThreadId(01) voxtech app init:gfx init: wgpu_hal::vulkan::instance: 150: 	objects: (type: INSTANCE, hndl: 0x245baf2be40, name: ?)
2026-01-07T21:15:33.448318Z DEBUG main ThreadId(01) voxtech app init:gfx init: wgpu_hal::vulkan::instance: 98: GENERAL [Loader Message (0x0)]
	     ||
2026-01-07T21:15:33.448319Z DEBUG main ThreadId(01) voxtech app init:gfx init: wgpu_hal::vulkan::instance: 150: 	objects: (type: INSTANCE, hndl: 0x245baf2be40, name: ?)
2026-01-07T21:15:33.448321Z DEBUG main ThreadId(01) voxtech app init:gfx init: wgpu_hal::vulkan::instance: 98: GENERAL [Loader Message (0x0)]
	   VK_LAYER_AMD_switchable_graphics
2026-01-07T21:15:33.448322Z DEBUG main ThreadId(01) voxtech app init:gfx init: wgpu_hal::vulkan::instance: 150: 	objects: (type: INSTANCE, hndl: 0x245baf2be40, name: ?)
2026-01-07T21:15:33.448323Z DEBUG main ThreadId(01) voxtech app init:gfx init: wgpu_hal::vulkan::instance: 98: GENERAL [Loader Message (0x0)]
	           Type: Implicit
2026-01-07T21:15:33.448324Z DEBUG main ThreadId(01) voxtech app init:gfx init: wgpu_hal::vulkan::instance: 150: 	objects: (type: INSTANCE, hndl: 0x245baf2be40, name: ?)
2026-01-07T21:15:33.448326Z DEBUG main ThreadId(01) voxtech app init:gfx init: wgpu_hal::vulkan::instance: 98: GENERAL [Loader Message (0x0)]
	           Enabled By: Implicit Layer
2026-01-07T21:15:33.448327Z DEBUG main ThreadId(01) voxtech app init:gfx init: wgpu_hal::vulkan::instance: 150: 	objects: (type: INSTANCE, hndl: 0x245baf2be40, name: ?)
2026-01-07T21:15:33.448329Z DEBUG main ThreadId(01) voxtech app init:gfx init: wgpu_hal::vulkan::instance: 98: GENERAL [Loader Message (0x0)]
	               Disable Env Var:  DISABLE_LAYER_AMD_SWITCHABLE_GRAPHICS_1
2026-01-07T21:15:33.448330Z DEBUG main ThreadId(01) voxtech app init:gfx init: wgpu_hal::vulkan::instance: 150: 	objects: (type: INSTANCE, hndl: 0x245baf2be40, name: ?)
2026-01-07T21:15:33.448331Z DEBUG main ThreadId(01) voxtech app init:gfx init: wgpu_hal::vulkan::instance: 98: GENERAL [Loader Message (0x0)]
	           Manifest: C:\WINDOWS\System32\DriverStore\FileRepository\u0196283.inf_amd64_3979d16563294d92\B025522\amd-vulkan64.json
2026-01-07T21:15:33.448333Z DEBUG main ThreadId(01) voxtech app init:gfx init: wgpu_hal::vulkan::instance: 150: 	objects: (type: INSTANCE, hndl: 0x245baf2be40, name: ?)
2026-01-07T21:15:33.448335Z DEBUG main ThreadId(01) voxtech app init:gfx init: wgpu_hal::vulkan::instance: 98: GENERAL [Loader Message (0x0)]
	           Library:  C:\WINDOWS\System32\DriverStore\FileRepository\u0196283.inf_amd64_3979d16563294d92\B025522\.\amdvlk64.dll
2026-01-07T21:15:33.448336Z DEBUG main ThreadId(01) voxtech app init:gfx init: wgpu_hal::vulkan::instance: 150: 	objects: (type: INSTANCE, hndl: 0x245baf2be40, name: ?)
2026-01-07T21:15:33.448337Z DEBUG main ThreadId(01) voxtech app init:gfx init: wgpu_hal::vulkan::instance: 98: GENERAL [Loader Message (0x0)]
	     ||
2026-01-07T21:15:33.448338Z DEBUG main ThreadId(01) voxtech app init:gfx init: wgpu_hal::vulkan::instance: 150: 	objects: (type: INSTANCE, hndl: 0x245baf2be40, name: ?)
2026-01-07T21:15:33.448340Z DEBUG main ThreadId(01) voxtech app init:gfx init: wgpu_hal::vulkan::instance: 98: GENERAL [Loader Message (0x0)]
	   <Drivers>
2026-01-07T21:15:33.448341Z DEBUG main ThreadId(01) voxtech app init:gfx init: wgpu_hal::vulkan::instance: 150: 	objects: (type: INSTANCE, hndl: 0x245baf2be40, name: ?)
2026-01-07T21:15:33.478372Z DEBUG main ThreadId(01) voxtech app init:gfx init: wgpu_hal::vulkan::instance: 334: Instance version: 0x404135
2026-01-07T21:15:33.478389Z DEBUG main ThreadId(01) voxtech app init:gfx init: wgpu_hal::vulkan::instance: 338: Enabling debug utils
2026-01-07T21:15:33.478403Z DEBUG main ThreadId(01) voxtech app init:gfx init: wgpu_hal::vulkan::instance: 364: Enabling device properties2
2026-01-07T21:15:33.478423Z DEBUG main ThreadId(01) voxtech app init:gfx init: wgpu_core::instance: 149: Instance::new: created Vulkan backend
2026-01-07T21:15:33.482274Z DEBUG main ThreadId(01) voxtech app init:gfx init: wgpu_hal::dx12::instance: 98: Using FXC for shader compilation
2026-01-07T21:15:33.482289Z DEBUG main ThreadId(01) voxtech app init:gfx init: wgpu_core::instance: 149: Instance::new: created Dx12 backend
2026-01-07T21:15:33.538699Z DEBUG main ThreadId(01) voxtech app init:gfx init: wgpu_hal::gles::wgl: 539: Enabling GL debug output
2026-01-07T21:15:33.563147Z DEBUG main ThreadId(01) voxtech app init:gfx init: wgpu_core::instance: 149: Instance::new: created Gl backend
2026-01-07T21:15:33.658251Z DEBUG main ThreadId(01) voxtech app init:gfx init: wgpu_hal::gles::adapter: 227: Vendor: ATI Technologies Inc.
2026-01-07T21:15:33.658272Z DEBUG main ThreadId(01) voxtech app init:gfx init: wgpu_hal::gles::adapter: 228: Renderer: AMD Radeon RX 6700 XT
2026-01-07T21:15:33.658274Z DEBUG main ThreadId(01) voxtech app init:gfx init: wgpu_hal::gles::adapter: 229: Version: 4.6.0 Compatibility Profile Context 25.12.1.251128
2026-01-07T21:15:33.658291Z DEBUG main ThreadId(01) voxtech app init:gfx init: wgpu_hal::gles::adapter: 281: SL version: 4.60
2026-01-07T21:15:33.658292Z DEBUG main ThreadId(01) voxtech app init:gfx init: wgpu_hal::gles::adapter: 300: Supported GL Extensions: {
    "GL_ARB_texture_env_add",
    "GL_ARB_shader_viewport_layer_array",
    "GL_ARB_depth_clamp",
    "GL_EXT_texture_sRGB_R8",
    "GL_EXT_blend_color",
    "GL_EXT_texture_array",
    "GL_ARB_timer_query",
    "GL_EXT_texture_sRGB",
    "GL_EXT_texture_shadow_lod",
    "GL_ARB_shader_image_size",
    "GL_NV_timeline_semaphore",
    "GL_ARB_blend_func_extended",
    "GL_ARB_depth_texture",
    "GL_EXT_texture_integer",
    "GL_ARB_clear_buffer_object",
    "GL_ARB_explicit_uniform_location",
    "GL_ARB_robustness",
    "GL_ARB_shadow_ambient",
    "GL_ARB_texture_buffer_object_rgb32",
    "GL_ARB_texture_compression",
    "GL_ARB_texture_mirror_clamp_to_edge",
    "GL_NV_mesh_shader",
    "GL_ARB_sample_shading",
    "GL_ARB_clear_texture",
    "GL_ARB_fragment_shader",
    "GL_ARB_texture_rg",
    "GL_EXT_secondary_color",
    "GL_ARB_fragment_shader_interlock",
    "GL_EXT_geometry_shader4",
    "GL_EXT_timer_query",
    "GL_ARB_multitexture",
    "GL_OVR_multiview",
    "GL_ARB_get_program_binary",
    "GL_ATI_shader_texture_lod",
    "GL_ARB_texture_stencil8",
    "GL_AMD_pinned_memory",
    "GL_ARB_parallel_shader_compile",
    "GL_ARB_shader_subroutine",
    "GL_ARB_texture_env_crossbar",
    "GL_ARB_stencil_texturing",
    "GL_ARB_geometry_shader4",
    "GL_AMD_debug_output",
    "GL_ARB_color_buffer_float",
    "GL_ARB_texture_cube_map",
    "GL_NV_texture_barrier",
    "GL_ARB_occlusion_query",
    "GL_ARB_sparse_buffer",
    "GL_EXT_texture_mirror_clamp",
    "GL_EXT_memory_object_win32",
    "GL_EXT_texture_lod_bias",
    "GL_ARB_copy_buffer",
    "GL_EXT_gpu_program_parameters",
    "GL_ARB_shading_language_packing",
    "GL_ARB_shader_precision",
    "GL_ARB_shadow",
    "GL_ARB_window_pos",
    "GL_ARB_transform_feedback_instanced",
    "GL_KHR_no_error",
    "GL_EXT_texture_snorm",
    "GL_EXT_blend_equation_separate",
    "GL_EXT_copy_texture",
    "GL_ARB_enhanced_layouts",
    "GL_ARB_viewport_array",
    "GL_NV_texgen_reflection",
    "GL_ARB_buffer_storage",
    "GL_ARB_compute_shader",
    "GL_EXT_copy_buffer",
    "GL_EXT_transform_feedback",
    "GL_ARB_shader_group_vote",
    "GL_EXT_draw_buffers2",
    "GL_EXT_texture_compression_bptc",
    "GL_ARB_internalformat_query",
    "GL_EXT_gpu_shader4",
    "GL_ARB_texture_query_levels",
    "GL_ARB_draw_elements_base_vertex",
    "GL_ARB_draw_indirect",
    "GL_AMD_seamless_cubemap_per_texture",
    "GL_KHR_debug",
    "GL_EXT_texture_rectangle",
    "GL_ARB_texture_buffer_object",
    "GL_ARB_texture_filter_anisotropic",
    "GL_ARB_fragment_program_shadow",
    "GL_ARB_texture_env_dot3",
    "GL_EXT_subtexture",
    "GL_ARB_shading_language_100",
    "GL_ARB_gpu_shader_fp64",
    "GL_EXT_texture_env_dot3",
    "GL_EXT_stencil_wrap",
    "GL_ARB_texture_non_power_of_two",
    "GL_EXT_texture_cube_map",
    "GL_ARB_framebuffer_object",
    "GL_ARB_sparse_texture",
    "GL_ARB_internalformat_query2",
    "GL_EXT_texture_buffer_object",
    "GL_ARB_vertex_array_bgra",
    "GL_EXT_vertex_attrib_64bit",
    "GL_KHR_context_flush_control",
    "GL_KHR_shader_subgroup",
    "GL_EXT_blend_subtract",
    "GL_EXT_blend_func_separate",
    "GL_EXT_texture_compression_rgtc",
    "GL_S3_s3tc",
    "GL_NV_blend_square",
    "GL_EXT_texture_compression_latc",
    "GL_EXT_debug_label",
    "GL_ARB_texture_compression_rgtc",
    "GL_ARB_shader_texture_lod",
    "GL_EXT_draw_instanced",
    "GL_EXT_packed_pixels",
    "GL_SUN_multi_draw_arrays",
    "GL_AMD_blend_minmax_factor",
    "GL_ARB_texture_buffer_range",
    "GL_ARB_pixel_buffer_object",
    "GL_ARB_texture_compression_bptc",
    "GL_SGIS_generate_mipmap",
    "GL_EXT_nonuniform_qualifier",
    "GL_AMD_texture_cube_map_array",
    "GL_NV_float_buffer",
    "GL_EXT_framebuffer_sRGB",
    "GL_ARB_texture_swizzle",
    "GL_EXT_memory_object",
    "GL_SGIS_texture_lod",
    "GL_ATI_draw_buffers",
    "GL_EXT_packed_float",
    "GL_ARB_compressed_texture_pixel_storage",
    "GL_ARB_shader_stencil_export",
    "GL_ARB_texture_storage_multisample",
    "GL_ARB_framebuffer_no_attachments",
    "GL_NV_primitive_restart",
    "GL_ARB_provoking_vertex",
    "GL_ARB_texture_border_clamp",
    "GL_AMD_query_buffer_object",
    "GL_ARB_sync",
    "GL_ARB_shader_texture_image_samples",
    "GL_AMD_depth_clamp_separate",
    "GL_ARB_texture_multisample_no_array",
    "GL_ARB_depth_buffer_float",
    "GL_EXT_bgra",
    "GL_EXT_shader_image_load_formatted",
    "GL_AMD_shader_trinary_minmax",
    "GL_ARB_point_parameters",
    "GL_ARB_vertex_program",
    "GL_EXT_separate_specular_color",
    "GL_ARB_arrays_of_arrays",
    "GL_ARB_shader_image_load_store",
    "GL_ARB_texture_env_combine",
    "GL_ATI_meminfo",
    "GL_EXT_multi_draw_arrays",
    "GL_ARB_compatibility",
    "GL_ARB_derivative_control",
    "GL_ARB_draw_buffers_blend",
    "GL_ARB_post_depth_coverage",
    "GL_ARB_texture_barrier",
    "GL_ARB_texture_float",
    "GL_EXT_texture_env_add",
    "GL_ARB_gpu_shader_int64",
    "GL_NV_copy_image",
    "GL_AMD_vertex_shader_layer",
    "GL_ARB_multi_draw_indirect",
    "GL_EXT_texture_storage",
    "GL_EXT_vertex_array",
    "GL_KHR_blend_equation_advanced",
    "GL_ARB_indirect_parameters",
    "GL_ARB_texture_rectangle",
    "GL_AMD_vertex_shader_viewport_index",
    "GL_ARB_shader_ballot",
    "GL_ARB_texture_filter_minmax",
    "GL_EXT_texture",
    "GL_EXT_texture_filter_anisotropic",
    "GL_KHR_blend_equation_advanced_coherent",
    "GL_ARB_occlusion_query2",
    "GL_ARB_copy_image",
    "GL_ATI_texture_env_combine3",
    "GL_ARB_vertex_array_object",
    "GL_ARB_draw_buffers",
    "GL_EXT_packed_depth_stencil",
    "GL_ARB_conservative_depth",
    "GL_ATI_separate_stencil",
    "GL_EXT_texture_object",
    "GL_EXT_direct_state_access",
    "GL_KHR_texture_compression_astc_ldr",
    "GL_EXT_shader_image_load_store",
    "GL_ARB_ES3_1_compatibility",
    "GL_ARB_cull_distance",
    "GL_ARB_ES2_compatibility",
    "GL_ARB_separate_shader_objects",
    "GL_ARB_framebuffer_sRGB",
    "GL_EXT_framebuffer_object",
    "GL_EXT_draw_range_elements",
    "GL_EXT_provoking_vertex",
    "GL_KHR_parallel_shader_compile",
    "GL_NV_half_float",
    "GL_EXT_vertex_array_bgra",
    "GL_ARB_shader_objects",
    "GL_NV_shader_atomic_int64",
    "GL_ARB_multisample",
    "GL_EXT_texture_sRGB_RG8",
    "GL_ARB_get_texture_sub_image",
    "GL_ARB_shader_atomic_counter_ops",
    "GL_ARB_texture_cube_map_array",
    "GL_ARB_transform_feedback_overflow_query",
    "GL_ARB_shader_draw_parameters",
    "GL_ARB_fragment_layer_viewport",
    "GL_ARB_tessellation_shader",
    "GL_ARB_half_float_vertex",
    "GL_EXT_framebuffer_blit",
    "GL_AMD_multi_draw_indirect",
    "GL_EXT_texture_lod",
    "GL_NV_conditional_render",
    "GL_EXT_bindable_uniform",
    "GL_SGIS_texture_edge_clamp",
    "GL_ARB_fragment_coord_conventions",
    "GL_ARB_shader_atomic_counters",
    "GL_ARB_invalidate_subdata",
    "GL_ARB_vertex_attrib_64bit",
    "GL_ARB_draw_instanced",
    "GL_ARB_vertex_attrib_binding",
    "GL_ARB_direct_state_access",
    "GL_EXT_polygon_offset_clamp",
    "GL_ARB_vertex_buffer_object",
    "GL_ARB_sample_locations",
    "GL_ARB_spirv_extensions",
    "GL_ARB_vertex_type_10f_11f_11f_rev",
    "GL_KHR_robustness",
    "GL_ARB_gl_spirv",
    "GL_ARB_texture_gather",
    "GL_ARB_texture_query_lod",
    "GL_NV_depth_buffer_float",
    "GL_EXT_shadow_funcs",
    "GL_ARB_texture_storage",
    "GL_ARB_vertex_type_2_10_10_10_rev",
    "GL_ARB_shader_bit_encoding",
    "GL_ARB_conditional_render_inverted",
    "GL_ARB_half_float_pixel",
    "GL_IBM_texture_mirrored_repeat",
    "GL_EXT_texture_shared_exponent",
    "GL_ARB_clip_control",
    "GL_ARB_polygon_offset_clamp",
    "GL_ARB_program_interface_query",
    "GL_ARB_texture_mirrored_repeat",
    "GL_ARB_texture_view",
    "GL_EXT_texture_swizzle",
    "GL_AMD_gpu_shader_int64",
    "GL_EXT_depth_bounds_test",
    "GL_KHR_robust_buffer_access_behavior",
    "GL_ARB_multi_bind",
    "GL_EXT_semaphore_win32",
    "GL_EXT_point_parameters",
    "GL_ARB_shading_language_420pack",
    "GL_AMD_conservative_depth",
    "GL_ARB_vertex_shader",
    "GL_ARB_explicit_attrib_location",
    "GL_ARB_transform_feedback3",
    "GL_ARB_point_sprite",
    "GL_ARB_ES3_2_compatibility",
    "GL_ARB_shader_storage_buffer_object",
    "GL_ATI_texture_mirror_once",
    "GL_EXT_compiled_vertex_array",
    "GL_ARB_uniform_buffer_object",
    "GL_ARB_ES3_compatibility",
    "GL_EXT_framebuffer_multisample",
    "GL_EXT_semaphore",
    "GL_ARB_seamless_cubemap_per_texture",
    "GL_AMD_sample_positions",
    "GL_EXT_fog_coord",
    "GL_ATI_texture_float",
    "GL_ARB_shader_clock",
    "GL_OES_EGL_image",
    "GL_AMD_gpu_shader_half_float",
    "GL_ARB_instanced_arrays",
    "GL_ARB_transform_feedback",
    "GL_EXT_texture_env_combine",
    "GL_ARB_gpu_shader5",
    "GL_ARB_query_buffer_object",
    "GL_ARB_texture_multisample",
    "GL_ARB_map_buffer_range",
    "GL_EXT_texture_sRGB_decode",
    "GL_ARB_base_instance",
    "GL_OVR_multiview2",
    "GL_ARB_pipeline_statistics_query",
    "GL_ARB_transform_feedback2",
    "GL_ARB_transpose_matrix",
    "GL_AMD_gpu_shader_int16",
    "GL_ARB_bindless_texture",
    "GL_ARB_texture_rgb10_a2ui",
    "GL_EXT_texture3D",
    "GL_EXT_rescale_normal",
    "GL_ARB_sampler_objects",
    "GL_EXT_shader_integer_mix",
    "WGL_EXT_swap_control",
    "GL_ARB_fragment_program",
    "GL_ARB_seamless_cube_map",
    "GL_EXT_blend_minmax",
    "GL_EXT_pixel_buffer_object",
    "GL_EXT_texture_compression_s3tc",
    "GL_EXT_texture_edge_clamp",
    "GL_EXT_abgr",
    "GL_ARB_debug_output",
}
2026-01-07T21:15:33.658428Z DEBUG main ThreadId(01) voxtech app init:gfx init: wgpu_core::instance: 547: Found 6 compatible adapters. Sorted by preference:
2026-01-07T21:15:33.658432Z DEBUG main ThreadId(01) voxtech app init:gfx init: wgpu_core::instance: 552: * AdapterInfo { name: "AMD Radeon RX 6700 XT", vendor: 4098, device: 29663, device_type: DiscreteGpu, device_pci_bus_id: "", driver: "AMD proprietary driver", driver_info: "25.12.1 (AMD proprietary shader compiler)", backend: Vulkan, subgroup_min_size: 32, subgroup_max_size: 64, transient_saves_memory: false }
2026-01-07T21:15:33.658441Z DEBUG main ThreadId(01) voxtech app init:gfx init: wgpu_core::instance: 552: * AdapterInfo { name: "AMD Radeon RX 6700 XT", vendor: 4098, device: 29663, device_type: DiscreteGpu, device_pci_bus_id: "0000:03:00.0", driver: "32.0.21037.1004", driver_info: "", backend: Dx12, subgroup_min_size: 32, subgroup_max_size: 64, transient_saves_memory: false }
2026-01-07T21:15:33.658443Z DEBUG main ThreadId(01) voxtech app init:gfx init: wgpu_core::instance: 552: * AdapterInfo { name: "AMD Radeon(TM) Graphics", vendor: 4098, device: 5056, device_type: IntegratedGpu, device_pci_bus_id: "", driver: "AMD proprietary driver", driver_info: "25.12.1 (AMD proprietary shader compiler)", backend: Vulkan, subgroup_min_size: 32, subgroup_max_size: 64, transient_saves_memory: false }
2026-01-07T21:15:33.658445Z DEBUG main ThreadId(01) voxtech app init:gfx init: wgpu_core::instance: 552: * AdapterInfo { name: "AMD Radeon(TM) Graphics", vendor: 4098, device: 5056, device_type: IntegratedGpu, device_pci_bus_id: "0000:10:00.0", driver: "32.0.21037.1004", driver_info: "", backend: Dx12, subgroup_min_size: 32, subgroup_max_size: 64, transient_saves_memory: false }
2026-01-07T21:15:33.658448Z DEBUG main ThreadId(01) voxtech app init:gfx init: wgpu_core::instance: 552: * AdapterInfo { name: "AMD Radeon RX 6700 XT", vendor: 0, device: 0, device_type: Other, device_pci_bus_id: "", driver: "", driver_info: "4.6.0 Compatibility Profile Context 25.12.1.251128", backend: Gl, subgroup_min_size: 4, subgroup_max_size: 128, transient_saves_memory: false }
2026-01-07T21:15:33.658450Z DEBUG main ThreadId(01) voxtech app init:gfx init: wgpu_core::instance: 552: * AdapterInfo { name: "Microsoft Basic Render Driver", vendor: 5140, device: 140, device_type: Cpu, device_pci_bus_id: "", driver: "10.0.26100.7309", driver_info: "", backend: Dx12, subgroup_min_size: 4, subgroup_max_size: 4, transient_saves_memory: false }
2026-01-07T21:15:33.658452Z DEBUG main ThreadId(01) voxtech app init:gfx init: wgpu_core::instance: 557: Request adapter result AdapterInfo { name: "AMD Radeon RX 6700 XT", vendor: 4098, device: 29663, device_type: DiscreteGpu, device_pci_bus_id: "", driver: "AMD proprietary driver", driver_info: "25.12.1 (AMD proprietary shader compiler)", backend: Vulkan, subgroup_min_size: 32, subgroup_max_size: 64, transient_saves_memory: false }
2026-01-07T21:15:33.687827Z DEBUG main ThreadId(01) voxtech app init:gfx init: wgpu_hal::vulkan::adapter: 2067: Supported extensions: ["VK_KHR_swapchain", "VK_KHR_swapchain_mutable_format", "VK_EXT_robustness2", "VK_KHR_external_memory_win32", "VK_EXT_memory_budget"]
2026-01-07T21:15:33.687975Z DEBUG main ThreadId(01) voxtech app init:gfx init: wgpu_hal::vulkan::instance: 98: GENERAL [Loader Message (0x0)]
	Failed to find vkGetDeviceProcAddr in layer "C:\WINDOWS\System32\DriverStore\FileRepository\u0196283.inf_amd64_3979d16563294d92\B025522\.\amdvlk64.dll"
2026-01-07T21:15:33.687984Z DEBUG main ThreadId(01) voxtech app init:gfx init: wgpu_hal::vulkan::instance: 150: 	objects: (type: INSTANCE, hndl: 0x245baf2be40, name: ?)
2026-01-07T21:15:33.687988Z DEBUG main ThreadId(01) voxtech app init:gfx init: wgpu_hal::vulkan::instance: 98: GENERAL [Loader Message (0x0)]
	vkCreateDevice layer callstack setup to:
2026-01-07T21:15:33.687989Z DEBUG main ThreadId(01) voxtech app init:gfx init: wgpu_hal::vulkan::instance: 150: 	objects: (type: INSTANCE, hndl: 0x245baf2be40, name: ?)
2026-01-07T21:15:33.687991Z DEBUG main ThreadId(01) voxtech app init:gfx init: wgpu_hal::vulkan::instance: 98: GENERAL [Loader Message (0x0)]
	   <Application>
2026-01-07T21:15:33.687992Z DEBUG main ThreadId(01) voxtech app init:gfx init: wgpu_hal::vulkan::instance: 150: 	objects: (type: INSTANCE, hndl: 0x245baf2be40, name: ?)
2026-01-07T21:15:33.687993Z DEBUG main ThreadId(01) voxtech app init:gfx init: wgpu_hal::vulkan::instance: 98: GENERAL [Loader Message (0x0)]
	     ||
2026-01-07T21:15:33.687994Z DEBUG main ThreadId(01) voxtech app init:gfx init: wgpu_hal::vulkan::instance: 150: 	objects: (type: INSTANCE, hndl: 0x245baf2be40, name: ?)
2026-01-07T21:15:33.687996Z DEBUG main ThreadId(01) voxtech app init:gfx init: wgpu_hal::vulkan::instance: 98: GENERAL [Loader Message (0x0)]
	   <Loader>
2026-01-07T21:15:33.687997Z DEBUG main ThreadId(01) voxtech app init:gfx init: wgpu_hal::vulkan::instance: 150: 	objects: (type: INSTANCE, hndl: 0x245baf2be40, name: ?)
2026-01-07T21:15:33.687998Z DEBUG main ThreadId(01) voxtech app init:gfx init: wgpu_hal::vulkan::instance: 98: GENERAL [Loader Message (0x0)]
	     ||
2026-01-07T21:15:33.687999Z DEBUG main ThreadId(01) voxtech app init:gfx init: wgpu_hal::vulkan::instance: 150: 	objects: (type: INSTANCE, hndl: 0x245baf2be40, name: ?)
2026-01-07T21:15:33.688000Z DEBUG main ThreadId(01) voxtech app init:gfx init: wgpu_hal::vulkan::instance: 98: GENERAL [Loader Message (0x0)]
	   <Device>
2026-01-07T21:15:33.688002Z DEBUG main ThreadId(01) voxtech app init:gfx init: wgpu_hal::vulkan::instance: 150: 	objects: (type: INSTANCE, hndl: 0x245baf2be40, name: ?)
2026-01-07T21:15:33.688074Z DEBUG main ThreadId(01) voxtech app init:gfx init: wgpu_hal::vulkan::instance: 98: GENERAL [Loader Message (0x0)]
	       Using "AMD Radeon RX 6700 XT" with driver: "C:\WINDOWS\System32\DriverStore\FileRepository\u0196283.inf_amd64_3979d16563294d92\B025522\.\amdvlk64.dll"
2026-01-07T21:15:33.688078Z DEBUG main ThreadId(01) voxtech app init:gfx init: wgpu_hal::vulkan::instance: 150: 	objects: (type: INSTANCE, hndl: 0x245baf2be40, name: ?)
2026-01-07T21:15:33.713029Z DEBUG main ThreadId(01) voxtech app init:gfx init: naga::front: 117: Resolving [0] = Literal(AbstractInt(6)) : Value(Scalar(Scalar { kind: AbstractInt, width: 8 }))
2026-01-07T21:15:33.713108Z DEBUG main ThreadId(01) voxtech app init:gfx init: naga::front: 117: Resolving [1] = Literal(I32(6)) : Value(Scalar(Scalar { kind: Sint, width: 4 }))
2026-01-07T21:15:33.713112Z DEBUG main ThreadId(01) voxtech app init:gfx init: naga::front: 117: Resolving [2] = Literal(AbstractInt(0)) : Value(Scalar(Scalar { kind: AbstractInt, width: 8 }))
2026-01-07T21:15:33.713115Z DEBUG main ThreadId(01) voxtech app init:gfx init: naga::front: 117: Resolving [3] = Literal(I32(0)) : Value(Scalar(Scalar { kind: Sint, width: 4 }))
2026-01-07T21:15:33.713116Z DEBUG main ThreadId(01) voxtech app init:gfx init: naga::front: 117: Resolving [4] = Literal(AbstractInt(0)) : Value(Scalar(Scalar { kind: AbstractInt, width: 8 }))
2026-01-07T21:15:33.713130Z DEBUG main ThreadId(01) voxtech app init:gfx init: naga::front: 117: Resolving [5] = Literal(I32(0)) : Value(Scalar(Scalar { kind: Sint, width: 4 }))
2026-01-07T21:15:33.713132Z DEBUG main ThreadId(01) voxtech app init:gfx init: naga::front: 117: Resolving [6] = Literal(AbstractInt(1)) : Value(Scalar(Scalar { kind: AbstractInt, width: 8 }))
2026-01-07T21:15:33.713134Z DEBUG main ThreadId(01) voxtech app init:gfx init: naga::front: 117: Resolving [7] = Literal(I32(1)) : Value(Scalar(Scalar { kind: Sint, width: 4 }))
2026-01-07T21:15:33.713135Z DEBUG main ThreadId(01) voxtech app init:gfx init: naga::front: 117: Resolving [8] = Literal(AbstractInt(0)) : Value(Scalar(Scalar { kind: AbstractInt, width: 8 }))
2026-01-07T21:15:33.713175Z DEBUG main ThreadId(01) voxtech app init:gfx init: naga::front: 117: Resolving [0] = GlobalVariable([1]) : Value(Pointer { base: [2], space: Storage { access: StorageAccess(LOAD) } })
2026-01-07T21:15:33.713184Z DEBUG main ThreadId(01) voxtech app init:gfx init: naga::front: 117: Resolving [1] = GlobalVariable([2]) : Value(Pointer { base: [3], space: Immediate })
2026-01-07T21:15:33.713196Z DEBUG main ThreadId(01) voxtech app init:gfx init: naga::front: 117: Resolving [2] = AccessIndex { base: [1], index: 0 } : Value(Pointer { base: [0], space: Immediate })
2026-01-07T21:15:33.713199Z DEBUG main ThreadId(01) voxtech app init:gfx init: naga::front: 117: Resolving [3] = Load { pointer: [2] } : Handle([0])
2026-01-07T21:15:33.713205Z DEBUG main ThreadId(01) voxtech app init:gfx init: naga::front: 117: Resolving [4] = Access { base: [0], index: [3] } : Value(Pointer { base: [0], space: Storage { access: StorageAccess(LOAD) } })
2026-01-07T21:15:33.713207Z DEBUG main ThreadId(01) voxtech app init:gfx init: naga::front: 117: Resolving [5] = Load { pointer: [4] } : Handle([0])
2026-01-07T21:15:33.713208Z DEBUG main ThreadId(01) voxtech app init:gfx init: naga::front: 117: Resolving [6] = GlobalVariable([1]) : Value(Pointer { base: [2], space: Storage { access: StorageAccess(LOAD) } })
2026-01-07T21:15:33.713210Z DEBUG main ThreadId(01) voxtech app init:gfx init: naga::front: 117: Resolving [7] = GlobalVariable([2]) : Value(Pointer { base: [3], space: Immediate })
2026-01-07T21:15:33.713212Z DEBUG main ThreadId(01) voxtech app init:gfx init: naga::front: 117: Resolving [8] = AccessIndex { base: [7], index: 0 } : Value(Pointer { base: [0], space: Immediate })
2026-01-07T21:15:33.713213Z DEBUG main ThreadId(01) voxtech app init:gfx init: naga::front: 117: Resolving [9] = Load { pointer: [8] } : Handle([0])
2026-01-07T21:15:33.713215Z DEBUG main ThreadId(01) voxtech app init:gfx init: naga::front: 117: Resolving [10] = Literal(AbstractInt(1)) : Value(Scalar(Scalar { kind: AbstractInt, width: 8 }))
2026-01-07T21:15:33.713232Z DEBUG main ThreadId(01) voxtech app init:gfx init: naga::front::wgsl::lower::conversion: 315: wgsl automatic_conversion_consensus: u32, {AbstractInt}
2026-01-07T21:15:33.713241Z DEBUG main ThreadId(01) voxtech app init:gfx init: naga::front::wgsl::lower::conversion: 338:     consensus: u32
2026-01-07T21:15:33.713245Z DEBUG main ThreadId(01) voxtech app init:gfx init: naga::front: 117: Resolving [11] = Literal(U32(1)) : Value(Scalar(Scalar { kind: Uint, width: 4 }))
2026-01-07T21:15:33.713247Z DEBUG main ThreadId(01) voxtech app init:gfx init: naga::front: 117: Resolving [12] = Binary { op: Add, left: [9], right: [11] } : Handle([0])
2026-01-07T21:15:33.713250Z DEBUG main ThreadId(01) voxtech app init:gfx init: naga::front: 117: Resolving [13] = Access { base: [6], index: [12] } : Value(Pointer { base: [0], space: Storage { access: StorageAccess(LOAD) } })
2026-01-07T21:15:33.713252Z DEBUG main ThreadId(01) voxtech app init:gfx init: naga::front: 117: Resolving [14] = Load { pointer: [13] } : Handle([0])
2026-01-07T21:15:33.713253Z DEBUG main ThreadId(01) voxtech app init:gfx init: naga::front: 117: Resolving [15] = GlobalVariable([1]) : Value(Pointer { base: [2], space: Storage { access: StorageAccess(LOAD) } })
2026-01-07T21:15:33.713254Z DEBUG main ThreadId(01) voxtech app init:gfx init: naga::front: 117: Resolving [16] = GlobalVariable([2]) : Value(Pointer { base: [3], space: Immediate })
2026-01-07T21:15:33.713256Z DEBUG main ThreadId(01) voxtech app init:gfx init: naga::front: 117: Resolving [17] = AccessIndex { base: [16], index: 0 } : Value(Pointer { base: [0], space: Immediate })
2026-01-07T21:15:33.713258Z DEBUG main ThreadId(01) voxtech app init:gfx init: naga::front: 117: Resolving [18] = Load { pointer: [17] } : Handle([0])
2026-01-07T21:15:33.713259Z DEBUG main ThreadId(01) voxtech app init:gfx init: naga::front: 117: Resolving [19] = Literal(AbstractInt(2)) : Value(Scalar(Scalar { kind: AbstractInt, width: 8 }))
2026-01-07T21:15:33.713260Z DEBUG main ThreadId(01) voxtech app init:gfx init: naga::front::wgsl::lower::conversion: 315: wgsl automatic_conversion_consensus: u32, {AbstractInt}
2026-01-07T21:15:33.713261Z DEBUG main ThreadId(01) voxtech app init:gfx init: naga::front::wgsl::lower::conversion: 338:     consensus: u32
2026-01-07T21:15:33.713263Z DEBUG main ThreadId(01) voxtech app init:gfx init: naga::front: 117: Resolving [20] = Literal(U32(2)) : Value(Scalar(Scalar { kind: Uint, width: 4 }))
2026-01-07T21:15:33.713264Z DEBUG main ThreadId(01) voxtech app init:gfx init: naga::front: 117: Resolving [21] = Binary { op: Add, left: [18], right: [20] } : Handle([0])
2026-01-07T21:15:33.713270Z DEBUG main ThreadId(01) voxtech app init:gfx init: naga::front: 117: Resolving [22] = Access { base: [15], index: [21] } : Value(Pointer { base: [0], space: Storage { access: StorageAccess(LOAD) } })
2026-01-07T21:15:33.713271Z DEBUG main ThreadId(01) voxtech app init:gfx init: naga::front: 117: Resolving [23] = Load { pointer: [22] } : Handle([0])
2026-01-07T21:15:33.713277Z DEBUG main ThreadId(01) voxtech app init:gfx init: naga::front::wgsl::lower::conversion: 315: wgsl automatic_conversion_consensus: u32, u32, u32
2026-01-07T21:15:33.713278Z DEBUG main ThreadId(01) voxtech app init:gfx init: naga::front::wgsl::lower::conversion: 338:     consensus: u32
2026-01-07T21:15:33.713282Z DEBUG main ThreadId(01) voxtech app init:gfx init: naga::front: 117: Resolving [24] = Compose { ty: [4], components: [[5], [14], [23]] } : Handle([4])
2026-01-07T21:15:33.713295Z DEBUG main ThreadId(01) voxtech app init:gfx init: naga::front: 117: Resolving [25] = Literal(U32(65535)) : Value(Scalar(Scalar { kind: Uint, width: 4 }))
2026-01-07T21:15:33.713300Z DEBUG main ThreadId(01) voxtech app init:gfx init: naga::front: 117: Resolving [26] = AccessIndex { base: [24], index: 0 } : Value(Scalar(Scalar { kind: Uint, width: 4 }))
2026-01-07T21:15:33.713302Z DEBUG main ThreadId(01) voxtech app init:gfx init: naga::front::wgsl::lower::conversion: 315: wgsl automatic_conversion_consensus: u32, u32
2026-01-07T21:15:33.713303Z DEBUG main ThreadId(01) voxtech app init:gfx init: naga::front::wgsl::lower::conversion: 338:     consensus: u32
2026-01-07T21:15:33.713304Z DEBUG main ThreadId(01) voxtech app init:gfx init: naga::front: 117: Resolving [27] = Binary { op: Greater, left: [26], right: [25] } : Value(Scalar(Scalar { kind: Bool, width: 1 }))
2026-01-07T21:15:33.713310Z DEBUG main ThreadId(01) voxtech app init:gfx init: naga::front: 117: Resolving [28] = Unary { op: LogicalNot, expr: [27] } : Value(Scalar(Scalar { kind: Bool, width: 1 }))
2026-01-07T21:15:33.713311Z DEBUG main ThreadId(01) voxtech app init:gfx init: naga::front: 117: Resolving [29] = Literal(Bool(true)) : Value(Scalar(Scalar { kind: Bool, width: 1 }))
2026-01-07T21:15:33.713313Z DEBUG main ThreadId(01) voxtech app init:gfx init: naga::front: 117: Resolving [30] = LocalVariable([0]) : Value(Pointer { base: [5], space: Function })
2026-01-07T21:15:33.713314Z DEBUG main ThreadId(01) voxtech app init:gfx init: naga::front: 117: Resolving [31] = AccessIndex { base: [24], index: 1 } : Value(Scalar(Scalar { kind: Uint, width: 4 }))
2026-01-07T21:15:33.713315Z DEBUG main ThreadId(01) voxtech app init:gfx init: naga::front::wgsl::lower::conversion: 315: wgsl automatic_conversion_consensus: u32, u32
2026-01-07T21:15:33.713316Z DEBUG main ThreadId(01) voxtech app init:gfx init: naga::front::wgsl::lower::conversion: 338:     consensus: u32
2026-01-07T21:15:33.713320Z DEBUG main ThreadId(01) voxtech app init:gfx init: naga::front: 117: Resolving [32] = Binary { op: Greater, left: [31], right: [25] } : Value(Scalar(Scalar { kind: Bool, width: 1 }))
2026-01-07T21:15:33.713331Z DEBUG main ThreadId(01) voxtech app init:gfx init: naga::front: 117: Resolving [33] = LocalVariable([0]) : Value(Pointer { base: [5], space: Function })
2026-01-07T21:15:33.713334Z DEBUG main ThreadId(01) voxtech app init:gfx init: naga::front: 117: Resolving [34] = Load { pointer: [33] } : Handle([5])
2026-01-07T21:15:33.713336Z DEBUG main ThreadId(01) voxtech app init:gfx init: naga::front: 117: Resolving [35] = Unary { op: LogicalNot, expr: [34] } : Handle([5])
2026-01-07T21:15:33.713337Z DEBUG main ThreadId(01) voxtech app init:gfx init: naga::front: 117: Resolving [36] = Literal(Bool(true)) : Value(Scalar(Scalar { kind: Bool, width: 1 }))
2026-01-07T21:15:33.713339Z DEBUG main ThreadId(01) voxtech app init:gfx init: naga::front: 117: Resolving [37] = LocalVariable([1]) : Value(Pointer { base: [5], space: Function })
2026-01-07T21:15:33.713340Z DEBUG main ThreadId(01) voxtech app init:gfx init: naga::front: 117: Resolving [38] = AccessIndex { base: [24], index: 2 } : Value(Scalar(Scalar { kind: Uint, width: 4 }))
2026-01-07T21:15:33.713342Z DEBUG main ThreadId(01) voxtech app init:gfx init: naga::front::wgsl::lower::conversion: 315: wgsl automatic_conversion_consensus: u32, u32
2026-01-07T21:15:33.713343Z DEBUG main ThreadId(01) voxtech app init:gfx init: naga::front::wgsl::lower::conversion: 338:     consensus: u32
2026-01-07T21:15:33.713344Z DEBUG main ThreadId(01) voxtech app init:gfx init: naga::front: 117: Resolving [39] = Binary { op: Greater, left: [38], right: [25] } : Value(Scalar(Scalar { kind: Bool, width: 1 }))
2026-01-07T21:15:33.713346Z DEBUG main ThreadId(01) voxtech app init:gfx init: naga::front: 117: Resolving [40] = LocalVariable([1]) : Value(Pointer { base: [5], space: Function })
2026-01-07T21:15:33.713347Z DEBUG main ThreadId(01) voxtech app init:gfx init: naga::front: 117: Resolving [41] = Load { pointer: [40] } : Handle([5])
2026-01-07T21:15:33.713350Z DEBUG main ThreadId(01) voxtech app init:gfx init: naga::front: 117: Resolving [42] = GlobalVariable([0]) : Value(Pointer { base: [1], space: Storage { access: StorageAccess(LOAD | STORE) } })
2026-01-07T21:15:33.713355Z DEBUG main ThreadId(01) voxtech app init:gfx init: naga::front: 117: Resolving [43] = Literal(U32(0)) : Value(Scalar(Scalar { kind: Uint, width: 4 }))
2026-01-07T21:15:33.713356Z DEBUG main ThreadId(01) voxtech app init:gfx init: naga::front: 117: Resolving [44] = Literal(U32(0)) : Value(Scalar(Scalar { kind: Uint, width: 4 }))
2026-01-07T21:15:33.713357Z DEBUG main ThreadId(01) voxtech app init:gfx init: naga::front: 117: Resolving [45] = Literal(U32(0)) : Value(Scalar(Scalar { kind: Uint, width: 4 }))
2026-01-07T21:15:33.713358Z DEBUG main ThreadId(01) voxtech app init:gfx init: naga::front: 117: Resolving [46] = Literal(U32(0)) : Value(Scalar(Scalar { kind: Uint, width: 4 }))
2026-01-07T21:15:33.713360Z DEBUG main ThreadId(01) voxtech app init:gfx init: naga::front: 117: Resolving [47] = Literal(U32(0)) : Value(Scalar(Scalar { kind: Uint, width: 4 }))
2026-01-07T21:15:33.713361Z DEBUG main ThreadId(01) voxtech app init:gfx init: naga::front: 117: Resolving [48] = Literal(U32(0)) : Value(Scalar(Scalar { kind: Uint, width: 4 }))
2026-01-07T21:15:33.713363Z DEBUG main ThreadId(01) voxtech app init:gfx init: naga::front::wgsl::lower::conversion: 315: wgsl automatic_conversion_consensus: u32, u32, u32, u32, u32, u32
2026-01-07T21:15:33.713364Z DEBUG main ThreadId(01) voxtech app init:gfx init: naga::front::wgsl::lower::conversion: 338:     consensus: u32
2026-01-07T21:15:33.713372Z DEBUG main ThreadId(01) voxtech app init:gfx init: naga::front: 117: Resolving [49] = Compose { ty: [1], components: [[43], [44], [45], [46], [47], [48]] } : Handle([1])
2026-01-07T21:15:33.713375Z DEBUG main ThreadId(01) voxtech app init:gfx init: naga::front: 117: Resolving [50] = GlobalVariable([0]) : Value(Pointer { base: [1], space: Storage { access: StorageAccess(LOAD | STORE) } })
2026-01-07T21:15:33.713378Z DEBUG main ThreadId(01) voxtech app init:gfx init: naga::front: 117: Resolving [51] = AccessIndex { base: [24], index: 0 } : Value(Scalar(Scalar { kind: Uint, width: 4 }))
2026-01-07T21:15:33.713379Z DEBUG main ThreadId(01) voxtech app init:gfx init: naga::front: 117: Resolving [52] = AccessIndex { base: [24], index: 1 } : Value(Scalar(Scalar { kind: Uint, width: 4 }))
2026-01-07T21:15:33.713381Z DEBUG main ThreadId(01) voxtech app init:gfx init: naga::front: 117: Resolving [53] = AccessIndex { base: [24], index: 2 } : Value(Scalar(Scalar { kind: Uint, width: 4 }))
2026-01-07T21:15:33.713382Z DEBUG main ThreadId(01) voxtech app init:gfx init: naga::front: 117: Resolving [54] = AccessIndex { base: [24], index: 0 } : Value(Scalar(Scalar { kind: Uint, width: 4 }))
2026-01-07T21:15:33.713383Z DEBUG main ThreadId(01) voxtech app init:gfx init: naga::front: 117: Resolving [55] = AccessIndex { base: [24], index: 1 } : Value(Scalar(Scalar { kind: Uint, width: 4 }))
2026-01-07T21:15:33.713385Z DEBUG main ThreadId(01) voxtech app init:gfx init: naga::front: 117: Resolving [56] = AccessIndex { base: [24], index: 2 } : Value(Scalar(Scalar { kind: Uint, width: 4 }))
2026-01-07T21:15:33.713386Z DEBUG main ThreadId(01) voxtech app init:gfx init: naga::front::wgsl::lower::conversion: 315: wgsl automatic_conversion_consensus: u32, u32, u32, u32, u32, u32
2026-01-07T21:15:33.713388Z DEBUG main ThreadId(01) voxtech app init:gfx init: naga::front::wgsl::lower::conversion: 338:     consensus: u32
2026-01-07T21:15:33.713389Z DEBUG main ThreadId(01) voxtech app init:gfx init: naga::front: 117: Resolving [57] = Compose { ty: [1], components: [[51], [52], [53], [54], [55], [56]] } : Handle([1])
2026-01-07T21:15:33.713403Z DEBUG main ThreadId(01) voxtech app init:gfx init: naga::front: 117: Resolving [9] = Literal(I32(0)) : Value(Scalar(Scalar { kind: Sint, width: 4 }))
2026-01-07T21:15:33.713406Z DEBUG main ThreadId(01) voxtech app init:gfx init: naga::front: 117: Resolving [10] = Literal(AbstractInt(1)) : Value(Scalar(Scalar { kind: AbstractInt, width: 8 }))
2026-01-07T21:15:33.713538Z DEBUG main ThreadId(01) voxtech app init:gfx init: naga::valid::interface: 642: var GlobalVariable { name: Some("dst"), space: Storage { access: StorageAccess(LOAD | STORE) }, binding: Some(ResourceBinding { group: 0, binding: 0 }), ty: [1], init: None }
2026-01-07T21:15:33.713545Z DEBUG main ThreadId(01) voxtech app init:gfx init: naga::valid::interface: 642: var GlobalVariable { name: Some("src"), space: Storage { access: StorageAccess(LOAD) }, binding: Some(ResourceBinding { group: 1, binding: 0 }), ty: [2], init: None }
2026-01-07T21:15:33.713547Z DEBUG main ThreadId(01) voxtech app init:gfx init: naga::valid::interface: 642: var GlobalVariable { name: Some("offset"), space: Immediate, binding: None, ty: [3], init: None }
2026-01-07T21:15:33.713584Z DEBUG main ThreadId(01) voxtech app init:gfx init: naga::valid::function: 1654: var LocalVariable { name: None, ty: [5], init: None }
2026-01-07T21:15:33.713589Z DEBUG main ThreadId(01) voxtech app init:gfx init: naga::valid::function: 1654: var LocalVariable { name: None, ty: [5], init: None }
2026-01-07T21:15:33.717510Z DEBUG main ThreadId(01) voxtech app init:gfx init: naga::front: 117: Resolving [0] = Literal(AbstractInt(0)) : Value(Scalar(Scalar { kind: AbstractInt, width: 8 }))
2026-01-07T21:15:33.717534Z DEBUG main ThreadId(01) voxtech app init:gfx init: naga::front: 117: Resolving [1] = Literal(I32(0)) : Value(Scalar(Scalar { kind: Sint, width: 4 }))
2026-01-07T21:15:33.717536Z DEBUG main ThreadId(01) voxtech app init:gfx init: naga::front: 117: Resolving [2] = Literal(AbstractInt(0)) : Value(Scalar(Scalar { kind: AbstractInt, width: 8 }))
2026-01-07T21:15:33.717539Z DEBUG main ThreadId(01) voxtech app init:gfx init: naga::front: 117: Resolving [3] = Literal(I32(0)) : Value(Scalar(Scalar { kind: Sint, width: 4 }))
2026-01-07T21:15:33.717540Z DEBUG main ThreadId(01) voxtech app init:gfx init: naga::front: 117: Resolving [4] = Literal(AbstractInt(1)) : Value(Scalar(Scalar { kind: AbstractInt, width: 8 }))
2026-01-07T21:15:33.717541Z DEBUG main ThreadId(01) voxtech app init:gfx init: naga::front: 117: Resolving [5] = Literal(I32(1)) : Value(Scalar(Scalar { kind: Sint, width: 4 }))
2026-01-07T21:15:33.717543Z DEBUG main ThreadId(01) voxtech app init:gfx init: naga::front: 117: Resolving [6] = Literal(AbstractInt(0)) : Value(Scalar(Scalar { kind: AbstractInt, width: 8 }))
2026-01-07T21:15:33.717546Z DEBUG main ThreadId(01) voxtech app init:gfx init: naga::front: 117: Resolving [7] = Literal(I32(0)) : Value(Scalar(Scalar { kind: Sint, width: 4 }))
2026-01-07T21:15:33.717547Z DEBUG main ThreadId(01) voxtech app init:gfx init: naga::front: 117: Resolving [8] = Literal(AbstractInt(2)) : Value(Scalar(Scalar { kind: AbstractInt, width: 8 }))
2026-01-07T21:15:33.717549Z DEBUG main ThreadId(01) voxtech app init:gfx init: naga::front: 117: Resolving [9] = Literal(I32(2)) : Value(Scalar(Scalar { kind: Sint, width: 4 }))
2026-01-07T21:15:33.717550Z DEBUG main ThreadId(01) voxtech app init:gfx init: naga::front: 117: Resolving [10] = Literal(AbstractInt(0)) : Value(Scalar(Scalar { kind: AbstractInt, width: 8 }))
2026-01-07T21:15:33.717561Z DEBUG main ThreadId(01) voxtech app init:gfx init: naga::front: 117: Resolving [0] = FunctionArgument(0) : Handle([1])
2026-01-07T21:15:33.717564Z DEBUG main ThreadId(01) voxtech app init:gfx init: naga::front: 117: Resolving [1] = FunctionArgument(1) : Handle([1])
2026-01-07T21:15:33.717566Z DEBUG main ThreadId(01) voxtech app init:gfx init: naga::front: 117: Resolving [2] = Binary { op: ShiftRight, left: [0], right: [1] } : Handle([1])
2026-01-07T21:15:33.717568Z DEBUG main ThreadId(01) voxtech app init:gfx init: naga::front: 117: Resolving [3] = Literal(U32(1)) : Value(Scalar(Scalar { kind: Uint, width: 4 }))
2026-01-07T21:15:33.717572Z DEBUG main ThreadId(01) voxtech app init:gfx init: naga::front::wgsl::lower::conversion: 315: wgsl automatic_conversion_consensus: u32, u32
2026-01-07T21:15:33.717574Z DEBUG main ThreadId(01) voxtech app init:gfx init: naga::front::wgsl::lower::conversion: 338:     consensus: u32
2026-01-07T21:15:33.717576Z DEBUG main ThreadId(01) voxtech app init:gfx init: naga::front: 117: Resolving [4] = Binary { op: And, left: [2], right: [3] } : Handle([1])
2026-01-07T21:15:33.717578Z DEBUG main ThreadId(01) voxtech app init:gfx init: naga::front: 117: Resolving [5] = Literal(U32(1)) : Value(Scalar(Scalar { kind: Uint, width: 4 }))
2026-01-07T21:15:33.717579Z DEBUG main ThreadId(01) voxtech app init:gfx init: naga::front::wgsl::lower::conversion: 315: wgsl automatic_conversion_consensus: u32, u32
2026-01-07T21:15:33.717580Z DEBUG main ThreadId(01) voxtech app init:gfx init: naga::front::wgsl::lower::conversion: 338:     consensus: u32
2026-01-07T21:15:33.717582Z DEBUG main ThreadId(01) voxtech app init:gfx init: naga::front: 117: Resolving [6] = Binary { op: Equal, left: [4], right: [5] } : Value(Scalar(Scalar { kind: Bool, width: 1 }))
2026-01-07T21:15:33.717589Z DEBUG main ThreadId(01) voxtech app init:gfx init: naga::front: 117: Resolving [0] = FunctionArgument(0) : Handle([6])
2026-01-07T21:15:33.717593Z DEBUG main ThreadId(01) voxtech app init:gfx init: naga::front: 117: Resolving [1] = AccessIndex { base: [0], index: 0 } : Value(Scalar(Scalar { kind: Uint, width: 4 }))
2026-01-07T21:15:33.717595Z DEBUG main ThreadId(01) voxtech app init:gfx init: naga::front: 117: Resolving [2] = GlobalVariable([0]) : Value(Pointer { base: [3], space: Immediate })
2026-01-07T21:15:33.717604Z DEBUG main ThreadId(01) voxtech app init:gfx init: naga::front: 117: Resolving [3] = AccessIndex { base: [2], index: 1 } : Value(Pointer { base: [1], space: Immediate })
2026-01-07T21:15:33.717606Z DEBUG main ThreadId(01) voxtech app init:gfx init: naga::front: 117: Resolving [4] = Load { pointer: [3] } : Handle([1])
2026-01-07T21:15:33.717607Z DEBUG main ThreadId(01) voxtech app init:gfx init: naga::front::wgsl::lower::conversion: 315: wgsl automatic_conversion_consensus: u32, u32
2026-01-07T21:15:33.717609Z DEBUG main ThreadId(01) voxtech app init:gfx init: naga::front::wgsl::lower::conversion: 338:     consensus: u32
2026-01-07T21:15:33.717610Z DEBUG main ThreadId(01) voxtech app init:gfx init: naga::front: 117: Resolving [5] = Binary { op: GreaterEqual, left: [1], right: [4] } : Value(Scalar(Scalar { kind: Bool, width: 1 }))
2026-01-07T21:15:33.717612Z DEBUG main ThreadId(01) voxtech app init:gfx init: naga::front: 117: Resolving [6] = GlobalVariable([1]) : Value(Pointer { base: [4], space: Storage { access: StorageAccess(LOAD) } })
2026-01-07T21:15:33.717615Z DEBUG main ThreadId(01) voxtech app init:gfx init: naga::front: 117: Resolving [7] = GlobalVariable([0]) : Value(Pointer { base: [3], space: Immediate })
2026-01-07T21:15:33.717617Z DEBUG main ThreadId(01) voxtech app init:gfx init: naga::front: 117: Resolving [8] = AccessIndex { base: [7], index: 0 } : Value(Pointer { base: [1], space: Immediate })
2026-01-07T21:15:33.717620Z DEBUG main ThreadId(01) voxtech app init:gfx init: naga::front: 117: Resolving [9] = Load { pointer: [8] } : Handle([1])
2026-01-07T21:15:33.717621Z DEBUG main ThreadId(01) voxtech app init:gfx init: naga::front: 117: Resolving [10] = AccessIndex { base: [0], index: 0 } : Value(Scalar(Scalar { kind: Uint, width: 4 }))
2026-01-07T21:15:33.717623Z DEBUG main ThreadId(01) voxtech app init:gfx init: naga::front::wgsl::lower::conversion: 315: wgsl automatic_conversion_consensus: u32, u32
2026-01-07T21:15:33.717624Z DEBUG main ThreadId(01) voxtech app init:gfx init: naga::front::wgsl::lower::conversion: 338:     consensus: u32
2026-01-07T21:15:33.717625Z DEBUG main ThreadId(01) voxtech app init:gfx init: naga::front: 117: Resolving [11] = Binary { op: Add, left: [9], right: [10] } : Handle([1])
2026-01-07T21:15:33.717627Z DEBUG main ThreadId(01) voxtech app init:gfx init: naga::front: 117: Resolving [12] = Access { base: [6], index: [11] } : Value(Pointer { base: [2], space: Storage { access: StorageAccess(LOAD) } })
2026-01-07T21:15:33.717629Z DEBUG main ThreadId(01) voxtech app init:gfx init: naga::front: 117: Resolving [13] = Load { pointer: [12] } : Handle([2])
2026-01-07T21:15:33.717631Z DEBUG main ThreadId(01) voxtech app init:gfx init: naga::front: 117: Resolving [14] = Literal(Bool(false)) : Value(Scalar(Scalar { kind: Bool, width: 1 }))
2026-01-07T21:15:33.717637Z DEBUG main ThreadId(01) voxtech app init:gfx init: naga::front: 117: Resolving [15] = LocalVariable([0]) : Value(Pointer { base: [0], space: Function })
2026-01-07T21:15:33.717638Z DEBUG main ThreadId(01) voxtech app init:gfx init: naga::front: 117: Resolving [16] = AccessIndex { base: [13], index: 0 } : Handle([1])
2026-01-07T21:15:33.717641Z DEBUG main ThreadId(01) voxtech app init:gfx init: naga::front: 117: Resolving [17] = Literal(AbstractInt(31)) : Value(Scalar(Scalar { kind: AbstractInt, width: 8 }))
2026-01-07T21:15:33.717651Z DEBUG main ThreadId(01) voxtech app init:gfx init: naga::front: 117: Resolving [18] = Literal(U32(31)) : Value(Scalar(Scalar { kind: Uint, width: 4 }))
2026-01-07T21:15:33.717655Z DEBUG main ThreadId(01) voxtech app init:gfx init: naga::front: 117: Resolving [19] = CallResult([0]) : Handle([0])
2026-01-07T21:15:33.717657Z DEBUG main ThreadId(01) voxtech app init:gfx init: naga::front: 117: Resolving [20] = AccessIndex { base: [13], index: 0 } : Handle([1])
2026-01-07T21:15:33.717658Z DEBUG main ThreadId(01) voxtech app init:gfx init: naga::front: 117: Resolving [21] = Literal(AbstractInt(2)) : Value(Scalar(Scalar { kind: AbstractInt, width: 8 }))
2026-01-07T21:15:33.717660Z DEBUG main ThreadId(01) voxtech app init:gfx init: naga::front: 117: Resolving [22] = Literal(U32(2)) : Value(Scalar(Scalar { kind: Uint, width: 4 }))
2026-01-07T21:15:33.717661Z DEBUG main ThreadId(01) voxtech app init:gfx init: naga::front: 117: Resolving [23] = Binary { op: ShiftLeft, left: [20], right: [22] } : Handle([1])
2026-01-07T21:15:33.717663Z DEBUG main ThreadId(01) voxtech app init:gfx init: naga::front: 117: Resolving [24] = Literal(AbstractInt(2)) : Value(Scalar(Scalar { kind: AbstractInt, width: 8 }))
2026-01-07T21:15:33.717664Z DEBUG main ThreadId(01) voxtech app init:gfx init: naga::front: 117: Resolving [25] = Literal(U32(2)) : Value(Scalar(Scalar { kind: Uint, width: 4 }))
2026-01-07T21:15:33.717665Z DEBUG main ThreadId(01) voxtech app init:gfx init: naga::front: 117: Resolving [26] = Binary { op: ShiftRight, left: [23], right: [25] } : Handle([1])
2026-01-07T21:15:33.717668Z DEBUG main ThreadId(01) voxtech app init:gfx init: naga::front: 117: Resolving [27] = AccessIndex { base: [13], index: 1 } : Handle([1])
2026-01-07T21:15:33.717669Z DEBUG main ThreadId(01) voxtech app init:gfx init: naga::front: 117: Resolving [28] = Literal(AbstractInt(2)) : Value(Scalar(Scalar { kind: AbstractInt, width: 8 }))
2026-01-07T21:15:33.717671Z DEBUG main ThreadId(01) voxtech app init:gfx init: naga::front: 117: Resolving [29] = Literal(U32(2)) : Value(Scalar(Scalar { kind: Uint, width: 4 }))
2026-01-07T21:15:33.717672Z DEBUG main ThreadId(01) voxtech app init:gfx init: naga::front: 117: Resolving [30] = Binary { op: ShiftLeft, left: [27], right: [29] } : Handle([1])
2026-01-07T21:15:33.717673Z DEBUG main ThreadId(01) voxtech app init:gfx init: naga::front: 117: Resolving [31] = Literal(AbstractInt(2)) : Value(Scalar(Scalar { kind: AbstractInt, width: 8 }))
2026-01-07T21:15:33.717676Z DEBUG main ThreadId(01) voxtech app init:gfx init: naga::front: 117: Resolving [32] = Literal(U32(2)) : Value(Scalar(Scalar { kind: Uint, width: 4 }))
2026-01-07T21:15:33.717677Z DEBUG main ThreadId(01) voxtech app init:gfx init: naga::front: 117: Resolving [33] = Binary { op: ShiftRight, left: [30], right: [32] } : Handle([1])
2026-01-07T21:15:33.717679Z DEBUG main ThreadId(01) voxtech app init:gfx init: naga::front: 117: Resolving [34] = GlobalVariable([2]) : Value(Pointer { base: [5], space: Storage { access: StorageAccess(LOAD) } })
2026-01-07T21:15:33.717681Z DEBUG main ThreadId(01) voxtech app init:gfx init: naga::front: 117: Resolving [35] = Literal(AbstractInt(2)) : Value(Scalar(Scalar { kind: AbstractInt, width: 8 }))
2026-01-07T21:15:33.717682Z DEBUG main ThreadId(01) voxtech app init:gfx init: naga::front::wgsl::lower::conversion: 315: wgsl automatic_conversion_consensus: u32, {AbstractInt}
2026-01-07T21:15:33.717683Z DEBUG main ThreadId(01) voxtech app init:gfx init: naga::front::wgsl::lower::conversion: 338:     consensus: u32
2026-01-07T21:15:33.717685Z DEBUG main ThreadId(01) voxtech app init:gfx init: naga::front: 117: Resolving [36] = Literal(U32(2)) : Value(Scalar(Scalar { kind: Uint, width: 4 }))
2026-01-07T21:15:33.717686Z DEBUG main ThreadId(01) voxtech app init:gfx init: naga::front: 117: Resolving [37] = Binary { op: Add, left: [26], right: [36] } : Handle([1])
2026-01-07T21:15:33.717687Z DEBUG main ThreadId(01) voxtech app init:gfx init: naga::front: 117: Resolving [38] = Access { base: [34], index: [37] } : Value(Pointer { base: [1], space: Storage { access: StorageAccess(LOAD) } })
2026-01-07T21:15:33.717689Z DEBUG main ThreadId(01) voxtech app init:gfx init: naga::front: 117: Resolving [39] = Load { pointer: [38] } : Handle([1])
2026-01-07T21:15:33.717690Z DEBUG main ThreadId(01) voxtech app init:gfx init: naga::front: 117: Resolving [40] = GlobalVariable([2]) : Value(Pointer { base: [5], space: Storage { access: StorageAccess(LOAD) } })
2026-01-07T21:15:33.717692Z DEBUG main ThreadId(01) voxtech app init:gfx init: naga::front: 117: Resolving [41] = Literal(AbstractInt(0)) : Value(Scalar(Scalar { kind: AbstractInt, width: 8 }))
2026-01-07T21:15:33.717693Z DEBUG main ThreadId(01) voxtech app init:gfx init: naga::front::wgsl::lower::conversion: 315: wgsl automatic_conversion_consensus: u32, {AbstractInt}
2026-01-07T21:15:33.717695Z DEBUG main ThreadId(01) voxtech app init:gfx init: naga::front::wgsl::lower::conversion: 338:     consensus: u32
2026-01-07T21:15:33.717696Z DEBUG main ThreadId(01) voxtech app init:gfx init: naga::front: 117: Resolving [42] = Literal(U32(0)) : Value(Scalar(Scalar { kind: Uint, width: 4 }))
2026-01-07T21:15:33.717697Z DEBUG main ThreadId(01) voxtech app init:gfx init: naga::front: 117: Resolving [43] = Binary { op: Add, left: [26], right: [42] } : Handle([1])
2026-01-07T21:15:33.717698Z DEBUG main ThreadId(01) voxtech app init:gfx init: naga::front: 117: Resolving [44] = Access { base: [40], index: [43] } : Value(Pointer { base: [1], space: Storage { access: StorageAccess(LOAD) } })
2026-01-07T21:15:33.717700Z DEBUG main ThreadId(01) voxtech app init:gfx init: naga::front: 117: Resolving [45] = Load { pointer: [44] } : Handle([1])
2026-01-07T21:15:33.717702Z DEBUG main ThreadId(01) voxtech app init:gfx init: naga::front: 117: Resolving [46] = AccessIndex { base: [13], index: 1 } : Handle([1])
2026-01-07T21:15:33.717703Z DEBUG main ThreadId(01) voxtech app init:gfx init: naga::front: 117: Resolving [47] = Literal(AbstractInt(30)) : Value(Scalar(Scalar { kind: AbstractInt, width: 8 }))
2026-01-07T21:15:33.717705Z DEBUG main ThreadId(01) voxtech app init:gfx init: naga::front: 117: Resolving [48] = Literal(U32(30)) : Value(Scalar(Scalar { kind: Uint, width: 4 }))
2026-01-07T21:15:33.717706Z DEBUG main ThreadId(01) voxtech app init:gfx init: naga::front: 117: Resolving [49] = CallResult([0]) : Handle([0])
2026-01-07T21:15:33.717708Z DEBUG main ThreadId(01) voxtech app init:gfx init: naga::front: 117: Resolving [50] = AccessIndex { base: [13], index: 2 } : Handle([1])
2026-01-07T21:15:33.717709Z DEBUG main ThreadId(01) voxtech app init:gfx init: naga::front::wgsl::lower::conversion: 315: wgsl automatic_conversion_consensus: u32, u32
2026-01-07T21:15:33.717710Z DEBUG main ThreadId(01) voxtech app init:gfx init: naga::front::wgsl::lower::conversion: 338:     consensus: u32
2026-01-07T21:15:33.717711Z DEBUG main ThreadId(01) voxtech app init:gfx init: naga::front: 117: Resolving [51] = Binary { op: Less, left: [50], right: [39] } : Value(Scalar(Scalar { kind: Bool, width: 1 }))
2026-01-07T21:15:33.717715Z DEBUG main ThreadId(01) voxtech app init:gfx init: naga::front: 117: Resolving [52] = Literal(Bool(false)) : Value(Scalar(Scalar { kind: Bool, width: 1 }))
2026-01-07T21:15:33.717716Z DEBUG main ThreadId(01) voxtech app init:gfx init: naga::front: 117: Resolving [53] = LocalVariable([1]) : Value(Pointer { base: [0], space: Function })
2026-01-07T21:15:33.717717Z DEBUG main ThreadId(01) voxtech app init:gfx init: naga::front: 117: Resolving [54] = Unary { op: LogicalNot, expr: [49] } : Handle([0])
2026-01-07T21:15:33.717719Z DEBUG main ThreadId(01) voxtech app init:gfx init: naga::front: 117: Resolving [55] = LocalVariable([1]) : Value(Pointer { base: [0], space: Function })
2026-01-07T21:15:33.717721Z DEBUG main ThreadId(01) voxtech app init:gfx init: naga::front: 117: Resolving [56] = Load { pointer: [55] } : Handle([0])
2026-01-07T21:15:33.717723Z DEBUG main ThreadId(01) voxtech app init:gfx init: naga::front: 117: Resolving [57] = Load { pointer: [15] } : Handle([0])
2026-01-07T21:15:33.717724Z DEBUG main ThreadId(01) voxtech app init:gfx init: naga::front: 117: Resolving [58] = Binary { op: InclusiveOr, left: [57], right: [56] } : Handle([0])
2026-01-07T21:15:33.717725Z DEBUG main ThreadId(01) voxtech app init:gfx init: naga::front: 117: Resolving [59] = AccessIndex { base: [13], index: 2 } : Handle([1])
2026-01-07T21:15:33.717727Z DEBUG main ThreadId(01) voxtech app init:gfx init: naga::front::wgsl::lower::conversion: 315: wgsl automatic_conversion_consensus: u32, u32
2026-01-07T21:15:33.717728Z DEBUG main ThreadId(01) voxtech app init:gfx init: naga::front::wgsl::lower::conversion: 338:     consensus: u32
2026-01-07T21:15:33.717729Z DEBUG main ThreadId(01) voxtech app init:gfx init: naga::front: 117: Resolving [60] = Binary { op: Subtract, left: [59], right: [39] } : Handle([1])
2026-01-07T21:15:33.717730Z DEBUG main ThreadId(01) voxtech app init:gfx init: naga::front::wgsl::lower::conversion: 315: wgsl automatic_conversion_consensus: u32, u32
2026-01-07T21:15:33.717731Z DEBUG main ThreadId(01) voxtech app init:gfx init: naga::front::wgsl::lower::conversion: 338:     consensus: u32
2026-01-07T21:15:33.717733Z DEBUG main ThreadId(01) voxtech app init:gfx init: naga::front: 117: Resolving [61] = Binary { op: Less, left: [60], right: [45] } : Value(Scalar(Scalar { kind: Bool, width: 1 }))
2026-01-07T21:15:33.717738Z DEBUG main ThreadId(01) voxtech app init:gfx init: naga::front: 117: Resolving [62] = Load { pointer: [15] } : Handle([0])
2026-01-07T21:15:33.717739Z DEBUG main ThreadId(01) voxtech app init:gfx init: naga::front: 117: Resolving [63] = Binary { op: InclusiveOr, left: [62], right: [61] } : Handle([0])
2026-01-07T21:15:33.717740Z DEBUG main ThreadId(01) voxtech app init:gfx init: naga::front: 117: Resolving [64] = GlobalVariable([2]) : Value(Pointer { base: [5], space: Storage { access: StorageAccess(LOAD) } })
2026-01-07T21:15:33.717742Z DEBUG main ThreadId(01) voxtech app init:gfx init: naga::front: 117: Resolving [65] = Literal(AbstractInt(3)) : Value(Scalar(Scalar { kind: AbstractInt, width: 8 }))
2026-01-07T21:15:33.717744Z DEBUG main ThreadId(01) voxtech app init:gfx init: naga::front::wgsl::lower::conversion: 315: wgsl automatic_conversion_consensus: u32, {AbstractInt}
2026-01-07T21:15:33.717745Z DEBUG main ThreadId(01) voxtech app init:gfx init: naga::front::wgsl::lower::conversion: 338:     consensus: u32
2026-01-07T21:15:33.717747Z DEBUG main ThreadId(01) voxtech app init:gfx init: naga::front: 117: Resolving [66] = Literal(U32(3)) : Value(Scalar(Scalar { kind: Uint, width: 4 }))
2026-01-07T21:15:33.717749Z DEBUG main ThreadId(01) voxtech app init:gfx init: naga::front: 117: Resolving [67] = Binary { op: Add, left: [26], right: [66] } : Handle([1])
2026-01-07T21:15:33.717750Z DEBUG main ThreadId(01) voxtech app init:gfx init: naga::front: 117: Resolving [68] = As { expr: [19], kind: Uint, convert: Some(4) } : Value(Scalar(Scalar { kind: Uint, width: 4 }))
2026-01-07T21:15:33.717751Z DEBUG main ThreadId(01) voxtech app init:gfx init: naga::front::wgsl::lower::conversion: 315: wgsl automatic_conversion_consensus: u32, u32
2026-01-07T21:15:33.717753Z DEBUG main ThreadId(01) voxtech app init:gfx init: naga::front::wgsl::lower::conversion: 338:     consensus: u32
2026-01-07T21:15:33.717754Z DEBUG main ThreadId(01) voxtech app init:gfx init: naga::front: 117: Resolving [69] = Binary { op: Add, left: [67], right: [68] } : Handle([1])
2026-01-07T21:15:33.717755Z DEBUG main ThreadId(01) voxtech app init:gfx init: naga::front: 117: Resolving [70] = Access { base: [64], index: [69] } : Value(Pointer { base: [1], space: Storage { access: StorageAccess(LOAD) } })
2026-01-07T21:15:33.717757Z DEBUG main ThreadId(01) voxtech app init:gfx init: naga::front: 117: Resolving [71] = Load { pointer: [70] } : Handle([1])
2026-01-07T21:15:33.717760Z DEBUG main ThreadId(01) voxtech app init:gfx init: naga::front: 117: Resolving [72] = GlobalVariable([2]) : Value(Pointer { base: [5], space: Storage { access: StorageAccess(LOAD) } })
2026-01-07T21:15:33.717763Z DEBUG main ThreadId(01) voxtech app init:gfx init: naga::front: 117: Resolving [73] = Literal(AbstractInt(1)) : Value(Scalar(Scalar { kind: AbstractInt, width: 8 }))
2026-01-07T21:15:33.717764Z DEBUG main ThreadId(01) voxtech app init:gfx init: naga::front::wgsl::lower::conversion: 315: wgsl automatic_conversion_consensus: u32, {AbstractInt}
2026-01-07T21:15:33.717766Z DEBUG main ThreadId(01) voxtech app init:gfx init: naga::front::wgsl::lower::conversion: 338:     consensus: u32
2026-01-07T21:15:33.717767Z DEBUG main ThreadId(01) voxtech app init:gfx init: naga::front: 117: Resolving [74] = Literal(U32(1)) : Value(Scalar(Scalar { kind: Uint, width: 4 }))
2026-01-07T21:15:33.717768Z DEBUG main ThreadId(01) voxtech app init:gfx init: naga::front: 117: Resolving [75] = Binary { op: Add, left: [26], right: [74] } : Handle([1])
2026-01-07T21:15:33.717769Z DEBUG main ThreadId(01) voxtech app init:gfx init: naga::front: 117: Resolving [76] = Access { base: [72], index: [75] } : Value(Pointer { base: [1], space: Storage { access: StorageAccess(LOAD) } })
2026-01-07T21:15:33.717771Z DEBUG main ThreadId(01) voxtech app init:gfx init: naga::front: 117: Resolving [77] = Load { pointer: [76] } : Handle([1])
2026-01-07T21:15:33.717774Z DEBUG main ThreadId(01) voxtech app init:gfx init: naga::front: 117: Resolving [78] = AccessIndex { base: [13], index: 1 } : Handle([1])
2026-01-07T21:15:33.717776Z DEBUG main ThreadId(01) voxtech app init:gfx init: naga::front: 117: Resolving [79] = Literal(AbstractInt(31)) : Value(Scalar(Scalar { kind: AbstractInt, width: 8 }))
2026-01-07T21:15:33.717777Z DEBUG main ThreadId(01) voxtech app init:gfx init: naga::front: 117: Resolving [80] = Literal(U32(31)) : Value(Scalar(Scalar { kind: Uint, width: 4 }))
2026-01-07T21:15:33.717779Z DEBUG main ThreadId(01) voxtech app init:gfx init: naga::front: 117: Resolving [81] = CallResult([0]) : Handle([0])
2026-01-07T21:15:33.717780Z DEBUG main ThreadId(01) voxtech app init:gfx init: naga::front: 117: Resolving [82] = AccessIndex { base: [13], index: 3 } : Handle([1])
2026-01-07T21:15:33.717782Z DEBUG main ThreadId(01) voxtech app init:gfx init: naga::front::wgsl::lower::conversion: 315: wgsl automatic_conversion_consensus: u32, u32
2026-01-07T21:15:33.717783Z DEBUG main ThreadId(01) voxtech app init:gfx init: naga::front::wgsl::lower::conversion: 338:     consensus: u32
2026-01-07T21:15:33.717784Z DEBUG main ThreadId(01) voxtech app init:gfx init: naga::front: 117: Resolving [83] = Binary { op: Less, left: [82], right: [71] } : Value(Scalar(Scalar { kind: Bool, width: 1 }))
2026-01-07T21:15:33.717786Z DEBUG main ThreadId(01) voxtech app init:gfx init: naga::front: 117: Resolving [84] = Literal(Bool(false)) : Value(Scalar(Scalar { kind: Bool, width: 1 }))
2026-01-07T21:15:33.717788Z DEBUG main ThreadId(01) voxtech app init:gfx init: naga::front: 117: Resolving [85] = LocalVariable([2]) : Value(Pointer { base: [0], space: Function })
2026-01-07T21:15:33.717789Z DEBUG main ThreadId(01) voxtech app init:gfx init: naga::front: 117: Resolving [86] = Unary { op: LogicalNot, expr: [81] } : Handle([0])
2026-01-07T21:15:33.717793Z DEBUG main ThreadId(01) voxtech app init:gfx init: naga::front: 117: Resolving [87] = LocalVariable([2]) : Value(Pointer { base: [0], space: Function })
2026-01-07T21:15:33.717794Z DEBUG main ThreadId(01) voxtech app init:gfx init: naga::front: 117: Resolving [88] = Load { pointer: [87] } : Handle([0])
2026-01-07T21:15:33.717796Z DEBUG main ThreadId(01) voxtech app init:gfx init: naga::front: 117: Resolving [89] = Load { pointer: [15] } : Handle([0])
2026-01-07T21:15:33.717798Z DEBUG main ThreadId(01) voxtech app init:gfx init: naga::front: 117: Resolving [90] = Binary { op: InclusiveOr, left: [89], right: [88] } : Handle([0])
2026-01-07T21:15:33.717799Z DEBUG main ThreadId(01) voxtech app init:gfx init: naga::front: 117: Resolving [91] = AccessIndex { base: [13], index: 3 } : Handle([1])
2026-01-07T21:15:33.717800Z DEBUG main ThreadId(01) voxtech app init:gfx init: naga::front::wgsl::lower::conversion: 315: wgsl automatic_conversion_consensus: u32, u32
2026-01-07T21:15:33.717801Z DEBUG main ThreadId(01) voxtech app init:gfx init: naga::front::wgsl::lower::conversion: 338:     consensus: u32
2026-01-07T21:15:33.717803Z DEBUG main ThreadId(01) voxtech app init:gfx init: naga::front: 117: Resolving [92] = Binary { op: Subtract, left: [91], right: [71] } : Handle([1])
2026-01-07T21:15:33.717806Z DEBUG main ThreadId(01) voxtech app init:gfx init: naga::front::wgsl::lower::conversion: 315: wgsl automatic_conversion_consensus: u32, u32
2026-01-07T21:15:33.717807Z DEBUG main ThreadId(01) voxtech app init:gfx init: naga::front::wgsl::lower::conversion: 338:     consensus: u32
2026-01-07T21:15:33.717808Z DEBUG main ThreadId(01) voxtech app init:gfx init: naga::front: 117: Resolving [93] = Binary { op: Less, left: [92], right: [77] } : Value(Scalar(Scalar { kind: Bool, width: 1 }))
2026-01-07T21:15:33.717810Z DEBUG main ThreadId(01) voxtech app init:gfx init: naga::front: 117: Resolving [94] = Load { pointer: [15] } : Handle([0])
2026-01-07T21:15:33.717811Z DEBUG main ThreadId(01) voxtech app init:gfx init: naga::front: 117: Resolving [95] = Binary { op: InclusiveOr, left: [94], right: [93] } : Handle([0])
2026-01-07T21:15:33.717812Z DEBUG main ThreadId(01) voxtech app init:gfx init: naga::front: 117: Resolving [96] = Override([0]) : Handle([0])
2026-01-07T21:15:33.717814Z DEBUG main ThreadId(01) voxtech app init:gfx init: naga::front: 117: Resolving [97] = Unary { op: LogicalNot, expr: [96] } : Handle([0])
2026-01-07T21:15:33.717815Z DEBUG main ThreadId(01) voxtech app init:gfx init: naga::front: 117: Resolving [98] = Literal(U32(0)) : Value(Scalar(Scalar { kind: Uint, width: 4 }))
2026-01-07T21:15:33.717817Z DEBUG main ThreadId(01) voxtech app init:gfx init: naga::front::wgsl::lower::conversion: 315: wgsl automatic_conversion_consensus: u32, u32
2026-01-07T21:15:33.717818Z DEBUG main ThreadId(01) voxtech app init:gfx init: naga::front::wgsl::lower::conversion: 338:     consensus: u32
2026-01-07T21:15:33.717819Z DEBUG main ThreadId(01) voxtech app init:gfx init: naga::front: 117: Resolving [99] = Binary { op: NotEqual, left: [71], right: [98] } : Value(Scalar(Scalar { kind: Bool, width: 1 }))
2026-01-07T21:15:33.717826Z DEBUG main ThreadId(01) voxtech app init:gfx init: naga::front: 117: Resolving [100] = Load { pointer: [15] } : Handle([0])
2026-01-07T21:15:33.717827Z DEBUG main ThreadId(01) voxtech app init:gfx init: naga::front: 117: Resolving [101] = Binary { op: InclusiveOr, left: [100], right: [99] } : Handle([0])
2026-01-07T21:15:33.717828Z DEBUG main ThreadId(01) voxtech app init:gfx init: naga::front: 117: Resolving [102] = Literal(U32(0)) : Value(Scalar(Scalar { kind: Uint, width: 4 }))
2026-01-07T21:15:33.717830Z DEBUG main ThreadId(01) voxtech app init:gfx init: naga::front: 117: Resolving [103] = Literal(U32(3)) : Value(Scalar(Scalar { kind: Uint, width: 4 }))
2026-01-07T21:15:33.717831Z DEBUG main ThreadId(01) voxtech app init:gfx init: naga::front: 117: Resolving [104] = Override([1]) : Handle([0])
2026-01-07T21:15:33.717837Z DEBUG main ThreadId(01) voxtech app init:gfx init: naga::front::wgsl::lower::conversion: 315: wgsl automatic_conversion_consensus: u32, u32
2026-01-07T21:15:33.717838Z DEBUG main ThreadId(01) voxtech app init:gfx init: naga::front::wgsl::lower::conversion: 338:     consensus: u32
2026-01-07T21:15:33.717840Z DEBUG main ThreadId(01) voxtech app init:gfx init: naga::front: 117: Resolving [105] = Select { condition: [104], accept: [103], reject: [102] } : Value(Scalar(Scalar { kind: Uint, width: 4 }))
2026-01-07T21:15:33.717842Z DEBUG main ThreadId(01) voxtech app init:gfx init: naga::front: 117: Resolving [106] = Load { pointer: [15] } : Handle([0])
2026-01-07T21:15:33.717843Z DEBUG main ThreadId(01) voxtech app init:gfx init: naga::front: 117: Resolving [107] = Override([1]) : Handle([0])
2026-01-07T21:15:33.717844Z DEBUG main ThreadId(01) voxtech app init:gfx init: naga::front: 117: Resolving [108] = GlobalVariable([3]) : Value(Pointer { base: [5], space: Storage { access: StorageAccess(LOAD | STORE) } })
2026-01-07T21:15:33.717846Z DEBUG main ThreadId(01) voxtech app init:gfx init: naga::front: 117: Resolving [109] = Literal(AbstractInt(0)) : Value(Scalar(Scalar { kind: AbstractInt, width: 8 }))
2026-01-07T21:15:33.717848Z DEBUG main ThreadId(01) voxtech app init:gfx init: naga::front::wgsl::lower::conversion: 315: wgsl automatic_conversion_consensus: u32, {AbstractInt}
2026-01-07T21:15:33.717849Z DEBUG main ThreadId(01) voxtech app init:gfx init: naga::front::wgsl::lower::conversion: 338:     consensus: u32
2026-01-07T21:15:33.717850Z DEBUG main ThreadId(01) voxtech app init:gfx init: naga::front: 117: Resolving [110] = Literal(U32(0)) : Value(Scalar(Scalar { kind: Uint, width: 4 }))
2026-01-07T21:15:33.717852Z DEBUG main ThreadId(01) voxtech app init:gfx init: naga::front: 117: Resolving [111] = Binary { op: Add, left: [33], right: [110] } : Handle([1])
2026-01-07T21:15:33.717853Z DEBUG main ThreadId(01) voxtech app init:gfx init: naga::front: 117: Resolving [112] = Access { base: [108], index: [111] } : Value(Pointer { base: [1], space: Storage { access: StorageAccess(LOAD | STORE) } })
2026-01-07T21:15:33.717855Z DEBUG main ThreadId(01) voxtech app init:gfx init: naga::front: 117: Resolving [113] = Literal(U32(0)) : Value(Scalar(Scalar { kind: Uint, width: 4 }))
2026-01-07T21:15:33.717857Z DEBUG main ThreadId(01) voxtech app init:gfx init: naga::front: 117: Resolving [114] = GlobalVariable([3]) : Value(Pointer { base: [5], space: Storage { access: StorageAccess(LOAD | STORE) } })
2026-01-07T21:15:33.717858Z DEBUG main ThreadId(01) voxtech app init:gfx init: naga::front: 117: Resolving [115] = Literal(AbstractInt(1)) : Value(Scalar(Scalar { kind: AbstractInt, width: 8 }))
2026-01-07T21:15:33.717860Z DEBUG main ThreadId(01) voxtech app init:gfx init: naga::front::wgsl::lower::conversion: 315: wgsl automatic_conversion_consensus: u32, {AbstractInt}
2026-01-07T21:15:33.717861Z DEBUG main ThreadId(01) voxtech app init:gfx init: naga::front::wgsl::lower::conversion: 338:     consensus: u32
2026-01-07T21:15:33.717862Z DEBUG main ThreadId(01) voxtech app init:gfx init: naga::front: 117: Resolving [116] = Literal(U32(1)) : Value(Scalar(Scalar { kind: Uint, width: 4 }))
2026-01-07T21:15:33.717863Z DEBUG main ThreadId(01) voxtech app init:gfx init: naga::front: 117: Resolving [117] = Binary { op: Add, left: [33], right: [116] } : Handle([1])
2026-01-07T21:15:33.717865Z DEBUG main ThreadId(01) voxtech app init:gfx init: naga::front: 117: Resolving [118] = Access { base: [114], index: [117] } : Value(Pointer { base: [1], space: Storage { access: StorageAccess(LOAD | STORE) } })
2026-01-07T21:15:33.717867Z DEBUG main ThreadId(01) voxtech app init:gfx init: naga::front: 117: Resolving [119] = Literal(U32(0)) : Value(Scalar(Scalar { kind: Uint, width: 4 }))
2026-01-07T21:15:33.717868Z DEBUG main ThreadId(01) voxtech app init:gfx init: naga::front: 117: Resolving [120] = GlobalVariable([3]) : Value(Pointer { base: [5], space: Storage { access: StorageAccess(LOAD | STORE) } })
2026-01-07T21:15:33.717870Z DEBUG main ThreadId(01) voxtech app init:gfx init: naga::front: 117: Resolving [121] = Literal(AbstractInt(2)) : Value(Scalar(Scalar { kind: AbstractInt, width: 8 }))
2026-01-07T21:15:33.717871Z DEBUG main ThreadId(01) voxtech app init:gfx init: naga::front::wgsl::lower::conversion: 315: wgsl automatic_conversion_consensus: u32, {AbstractInt}
2026-01-07T21:15:33.717872Z DEBUG main ThreadId(01) voxtech app init:gfx init: naga::front::wgsl::lower::conversion: 338:     consensus: u32
2026-01-07T21:15:33.717873Z DEBUG main ThreadId(01) voxtech app init:gfx init: naga::front: 117: Resolving [122] = Literal(U32(2)) : Value(Scalar(Scalar { kind: Uint, width: 4 }))
2026-01-07T21:15:33.717875Z DEBUG main ThreadId(01) voxtech app init:gfx init: naga::front: 117: Resolving [123] = Binary { op: Add, left: [33], right: [122] } : Handle([1])
2026-01-07T21:15:33.717876Z DEBUG main ThreadId(01) voxtech app init:gfx init: naga::front: 117: Resolving [124] = Access { base: [120], index: [123] } : Value(Pointer { base: [1], space: Storage { access: StorageAccess(LOAD | STORE) } })
2026-01-07T21:15:33.717878Z DEBUG main ThreadId(01) voxtech app init:gfx init: naga::front: 117: Resolving [125] = Literal(U32(0)) : Value(Scalar(Scalar { kind: Uint, width: 4 }))
2026-01-07T21:15:33.717880Z DEBUG main ThreadId(01) voxtech app init:gfx init: naga::front::wgsl::lower::conversion: 315: wgsl automatic_conversion_consensus: u32, u32
2026-01-07T21:15:33.717881Z DEBUG main ThreadId(01) voxtech app init:gfx init: naga::front::wgsl::lower::conversion: 338:     consensus: u32
2026-01-07T21:15:33.717885Z DEBUG main ThreadId(01) voxtech app init:gfx init: naga::front: 117: Resolving [126] = GlobalVariable([3]) : Value(Pointer { base: [5], space: Storage { access: StorageAccess(LOAD | STORE) } })
2026-01-07T21:15:33.717887Z DEBUG main ThreadId(01) voxtech app init:gfx init: naga::front: 117: Resolving [127] = Binary { op: Add, left: [33], right: [105] } : Handle([1])
2026-01-07T21:15:33.717888Z DEBUG main ThreadId(01) voxtech app init:gfx init: naga::front: 117: Resolving [128] = Literal(AbstractInt(0)) : Value(Scalar(Scalar { kind: AbstractInt, width: 8 }))
2026-01-07T21:15:33.717891Z DEBUG main ThreadId(01) voxtech app init:gfx init: naga::front::wgsl::lower::conversion: 315: wgsl automatic_conversion_consensus: u32, {AbstractInt}
2026-01-07T21:15:33.717892Z DEBUG main ThreadId(01) voxtech app init:gfx init: naga::front::wgsl::lower::conversion: 338:     consensus: u32
2026-01-07T21:15:33.717893Z DEBUG main ThreadId(01) voxtech app init:gfx init: naga::front: 117: Resolving [129] = Literal(U32(0)) : Value(Scalar(Scalar { kind: Uint, width: 4 }))
2026-01-07T21:15:33.717894Z DEBUG main ThreadId(01) voxtech app init:gfx init: naga::front: 117: Resolving [130] = Binary { op: Add, left: [127], right: [129] } : Handle([1])
2026-01-07T21:15:33.717896Z DEBUG main ThreadId(01) voxtech app init:gfx init: naga::front: 117: Resolving [131] = Access { base: [126], index: [130] } : Value(Pointer { base: [1], space: Storage { access: StorageAccess(LOAD | STORE) } })
2026-01-07T21:15:33.717898Z DEBUG main ThreadId(01) voxtech app init:gfx init: naga::front: 117: Resolving [132] = Literal(U32(0)) : Value(Scalar(Scalar { kind: Uint, width: 4 }))
2026-01-07T21:15:33.717899Z DEBUG main ThreadId(01) voxtech app init:gfx init: naga::front::wgsl::lower::conversion: 315: wgsl automatic_conversion_consensus: u32, u32
2026-01-07T21:15:33.717900Z DEBUG main ThreadId(01) voxtech app init:gfx init: naga::front::wgsl::lower::conversion: 338:     consensus: u32
2026-01-07T21:15:33.717902Z DEBUG main ThreadId(01) voxtech app init:gfx init: naga::front: 117: Resolving [133] = GlobalVariable([3]) : Value(Pointer { base: [5], space: Storage { access: StorageAccess(LOAD | STORE) } })
2026-01-07T21:15:33.717903Z DEBUG main ThreadId(01) voxtech app init:gfx init: naga::front: 117: Resolving [134] = Binary { op: Add, left: [33], right: [105] } : Handle([1])
2026-01-07T21:15:33.717905Z DEBUG main ThreadId(01) voxtech app init:gfx init: naga::front: 117: Resolving [135] = Literal(AbstractInt(1)) : Value(Scalar(Scalar { kind: AbstractInt, width: 8 }))
2026-01-07T21:15:33.717906Z DEBUG main ThreadId(01) voxtech app init:gfx init: naga::front::wgsl::lower::conversion: 315: wgsl automatic_conversion_consensus: u32, {AbstractInt}
2026-01-07T21:15:33.717908Z DEBUG main ThreadId(01) voxtech app init:gfx init: naga::front::wgsl::lower::conversion: 338:     consensus: u32
2026-01-07T21:15:33.717909Z DEBUG main ThreadId(01) voxtech app init:gfx init: naga::front: 117: Resolving [136] = Literal(U32(1)) : Value(Scalar(Scalar { kind: Uint, width: 4 }))
2026-01-07T21:15:33.717910Z DEBUG main ThreadId(01) voxtech app init:gfx init: naga::front: 117: Resolving [137] = Binary { op: Add, left: [134], right: [136] } : Handle([1])
2026-01-07T21:15:33.717911Z DEBUG main ThreadId(01) voxtech app init:gfx init: naga::front: 117: Resolving [138] = Access { base: [133], index: [137] } : Value(Pointer { base: [1], space: Storage { access: StorageAccess(LOAD | STORE) } })
2026-01-07T21:15:33.717913Z DEBUG main ThreadId(01) voxtech app init:gfx init: naga::front: 117: Resolving [139] = Literal(U32(0)) : Value(Scalar(Scalar { kind: Uint, width: 4 }))
2026-01-07T21:15:33.717915Z DEBUG main ThreadId(01) voxtech app init:gfx init: naga::front::wgsl::lower::conversion: 315: wgsl automatic_conversion_consensus: u32, u32
2026-01-07T21:15:33.717916Z DEBUG main ThreadId(01) voxtech app init:gfx init: naga::front::wgsl::lower::conversion: 338:     consensus: u32
2026-01-07T21:15:33.717917Z DEBUG main ThreadId(01) voxtech app init:gfx init: naga::front: 117: Resolving [140] = GlobalVariable([3]) : Value(Pointer { base: [5], space: Storage { access: StorageAccess(LOAD | STORE) } })
2026-01-07T21:15:33.717919Z DEBUG main ThreadId(01) voxtech app init:gfx init: naga::front: 117: Resolving [141] = Binary { op: Add, left: [33], right: [105] } : Handle([1])
2026-01-07T21:15:33.717920Z DEBUG main ThreadId(01) voxtech app init:gfx init: naga::front: 117: Resolving [142] = Literal(AbstractInt(2)) : Value(Scalar(Scalar { kind: AbstractInt, width: 8 }))
2026-01-07T21:15:33.717922Z DEBUG main ThreadId(01) voxtech app init:gfx init: naga::front::wgsl::lower::conversion: 315: wgsl automatic_conversion_consensus: u32, {AbstractInt}
2026-01-07T21:15:33.717923Z DEBUG main ThreadId(01) voxtech app init:gfx init: naga::front::wgsl::lower::conversion: 338:     consensus: u32
2026-01-07T21:15:33.717924Z DEBUG main ThreadId(01) voxtech app init:gfx init: naga::front: 117: Resolving [143] = Literal(U32(2)) : Value(Scalar(Scalar { kind: Uint, width: 4 }))
2026-01-07T21:15:33.717925Z DEBUG main ThreadId(01) voxtech app init:gfx init: naga::front: 117: Resolving [144] = Binary { op: Add, left: [141], right: [143] } : Handle([1])
2026-01-07T21:15:33.717927Z DEBUG main ThreadId(01) voxtech app init:gfx init: naga::front: 117: Resolving [145] = Access { base: [140], index: [144] } : Value(Pointer { base: [1], space: Storage { access: StorageAccess(LOAD | STORE) } })
2026-01-07T21:15:33.717929Z DEBUG main ThreadId(01) voxtech app init:gfx init: naga::front: 117: Resolving [146] = Literal(U32(0)) : Value(Scalar(Scalar { kind: Uint, width: 4 }))
2026-01-07T21:15:33.717930Z DEBUG main ThreadId(01) voxtech app init:gfx init: naga::front::wgsl::lower::conversion: 315: wgsl automatic_conversion_consensus: u32, u32
2026-01-07T21:15:33.717931Z DEBUG main ThreadId(01) voxtech app init:gfx init: naga::front::wgsl::lower::conversion: 338:     consensus: u32
2026-01-07T21:15:33.717932Z DEBUG main ThreadId(01) voxtech app init:gfx init: naga::front: 117: Resolving [147] = GlobalVariable([3]) : Value(Pointer { base: [5], space: Storage { access: StorageAccess(LOAD | STORE) } })
2026-01-07T21:15:33.717934Z DEBUG main ThreadId(01) voxtech app init:gfx init: naga::front: 117: Resolving [148] = Binary { op: Add, left: [33], right: [105] } : Handle([1])
2026-01-07T21:15:33.717935Z DEBUG main ThreadId(01) voxtech app init:gfx init: naga::front: 117: Resolving [149] = Literal(AbstractInt(3)) : Value(Scalar(Scalar { kind: AbstractInt, width: 8 }))
2026-01-07T21:15:33.717937Z DEBUG main ThreadId(01) voxtech app init:gfx init: naga::front::wgsl::lower::conversion: 315: wgsl automatic_conversion_consensus: u32, {AbstractInt}
2026-01-07T21:15:33.717938Z DEBUG main ThreadId(01) voxtech app init:gfx init: naga::front::wgsl::lower::conversion: 338:     consensus: u32
2026-01-07T21:15:33.717939Z DEBUG main ThreadId(01) voxtech app init:gfx init: naga::front: 117: Resolving [150] = Literal(U32(3)) : Value(Scalar(Scalar { kind: Uint, width: 4 }))
2026-01-07T21:15:33.717940Z DEBUG main ThreadId(01) voxtech app init:gfx init: naga::front: 117: Resolving [151] = Binary { op: Add, left: [148], right: [150] } : Handle([1])
2026-01-07T21:15:33.717942Z DEBUG main ThreadId(01) voxtech app init:gfx init: naga::front: 117: Resolving [152] = Access { base: [147], index: [151] } : Value(Pointer { base: [1], space: Storage { access: StorageAccess(LOAD | STORE) } })
2026-01-07T21:15:33.717944Z DEBUG main ThreadId(01) voxtech app init:gfx init: naga::front: 117: Resolving [153] = Literal(U32(0)) : Value(Scalar(Scalar { kind: Uint, width: 4 }))
2026-01-07T21:15:33.717945Z DEBUG main ThreadId(01) voxtech app init:gfx init: naga::front::wgsl::lower::conversion: 315: wgsl automatic_conversion_consensus: u32, u32
2026-01-07T21:15:33.717946Z DEBUG main ThreadId(01) voxtech app init:gfx init: naga::front::wgsl::lower::conversion: 338:     consensus: u32
2026-01-07T21:15:33.717948Z DEBUG main ThreadId(01) voxtech app init:gfx init: naga::front: 117: Resolving [154] = GlobalVariable([3]) : Value(Pointer { base: [5], space: Storage { access: StorageAccess(LOAD | STORE) } })
2026-01-07T21:15:33.717949Z DEBUG main ThreadId(01) voxtech app init:gfx init: naga::front: 117: Resolving [155] = Binary { op: Add, left: [33], right: [105] } : Handle([1])
2026-01-07T21:15:33.717950Z DEBUG main ThreadId(01) voxtech app init:gfx init: naga::front: 117: Resolving [156] = Literal(AbstractInt(4)) : Value(Scalar(Scalar { kind: AbstractInt, width: 8 }))
2026-01-07T21:15:33.717952Z DEBUG main ThreadId(01) voxtech app init:gfx init: naga::front::wgsl::lower::conversion: 315: wgsl automatic_conversion_consensus: u32, {AbstractInt}
2026-01-07T21:15:33.717953Z DEBUG main ThreadId(01) voxtech app init:gfx init: naga::front::wgsl::lower::conversion: 338:     consensus: u32
2026-01-07T21:15:33.717954Z DEBUG main ThreadId(01) voxtech app init:gfx init: naga::front: 117: Resolving [157] = Literal(U32(4)) : Value(Scalar(Scalar { kind: Uint, width: 4 }))
2026-01-07T21:15:33.717955Z DEBUG main ThreadId(01) voxtech app init:gfx init: naga::front: 117: Resolving [158] = Binary { op: Add, left: [155], right: [157] } : Handle([1])
2026-01-07T21:15:33.717957Z DEBUG main ThreadId(01) voxtech app init:gfx init: naga::front: 117: Resolving [159] = Access { base: [154], index: [158] } : Value(Pointer { base: [1], space: Storage { access: StorageAccess(LOAD | STORE) } })
2026-01-07T21:15:33.717959Z DEBUG main ThreadId(01) voxtech app init:gfx init: naga::front: 117: Resolving [160] = Literal(U32(0)) : Value(Scalar(Scalar { kind: Uint, width: 4 }))
2026-01-07T21:15:33.717960Z DEBUG main ThreadId(01) voxtech app init:gfx init: naga::front: 117: Resolving [161] = Override([1]) : Handle([0])
2026-01-07T21:15:33.717962Z DEBUG main ThreadId(01) voxtech app init:gfx init: naga::front: 117: Resolving [162] = GlobalVariable([3]) : Value(Pointer { base: [5], space: Storage { access: StorageAccess(LOAD | STORE) } })
2026-01-07T21:15:33.717963Z DEBUG main ThreadId(01) voxtech app init:gfx init: naga::front: 117: Resolving [163] = Literal(AbstractInt(0)) : Value(Scalar(Scalar { kind: AbstractInt, width: 8 }))
2026-01-07T21:15:33.717965Z DEBUG main ThreadId(01) voxtech app init:gfx init: naga::front::wgsl::lower::conversion: 315: wgsl automatic_conversion_consensus: u32, {AbstractInt}
2026-01-07T21:15:33.717966Z DEBUG main ThreadId(01) voxtech app init:gfx init: naga::front::wgsl::lower::conversion: 338:     consensus: u32
2026-01-07T21:15:33.717967Z DEBUG main ThreadId(01) voxtech app init:gfx init: naga::front: 117: Resolving [164] = Literal(U32(0)) : Value(Scalar(Scalar { kind: Uint, width: 4 }))
2026-01-07T21:15:33.717968Z DEBUG main ThreadId(01) voxtech app init:gfx init: naga::front: 117: Resolving [165] = Binary { op: Add, left: [33], right: [164] } : Handle([1])
2026-01-07T21:15:33.717970Z DEBUG main ThreadId(01) voxtech app init:gfx init: naga::front: 117: Resolving [166] = Access { base: [162], index: [165] } : Value(Pointer { base: [1], space: Storage { access: StorageAccess(LOAD | STORE) } })
2026-01-07T21:15:33.717972Z DEBUG main ThreadId(01) voxtech app init:gfx init: naga::front: 117: Resolving [167] = GlobalVariable([2]) : Value(Pointer { base: [5], space: Storage { access: StorageAccess(LOAD) } })
2026-01-07T21:15:33.717974Z DEBUG main ThreadId(01) voxtech app init:gfx init: naga::front: 117: Resolving [168] = Literal(AbstractInt(2)) : Value(Scalar(Scalar { kind: AbstractInt, width: 8 }))
2026-01-07T21:15:33.717975Z DEBUG main ThreadId(01) voxtech app init:gfx init: naga::front::wgsl::lower::conversion: 315: wgsl automatic_conversion_consensus: u32, {AbstractInt}
2026-01-07T21:15:33.717976Z DEBUG main ThreadId(01) voxtech app init:gfx init: naga::front::wgsl::lower::conversion: 338:     consensus: u32
2026-01-07T21:15:33.717978Z DEBUG main ThreadId(01) voxtech app init:gfx init: naga::front: 117: Resolving [169] = Literal(U32(2)) : Value(Scalar(Scalar { kind: Uint, width: 4 }))
2026-01-07T21:15:33.717979Z DEBUG main ThreadId(01) voxtech app init:gfx init: naga::front: 117: Resolving [170] = Binary { op: Add, left: [26], right: [169] } : Handle([1])
2026-01-07T21:15:33.717980Z DEBUG main ThreadId(01) voxtech app init:gfx init: naga::front: 117: Resolving [171] = As { expr: [19], kind: Uint, convert: Some(4) } : Value(Scalar(Scalar { kind: Uint, width: 4 }))
2026-01-07T21:15:33.717982Z DEBUG main ThreadId(01) voxtech app init:gfx init: naga::front::wgsl::lower::conversion: 315: wgsl automatic_conversion_consensus: u32, u32
2026-01-07T21:15:33.717983Z DEBUG main ThreadId(01) voxtech app init:gfx init: naga::front::wgsl::lower::conversion: 338:     consensus: u32
2026-01-07T21:15:33.717984Z DEBUG main ThreadId(01) voxtech app init:gfx init: naga::front: 117: Resolving [172] = Binary { op: Add, left: [170], right: [171] } : Handle([1])
2026-01-07T21:15:33.717986Z DEBUG main ThreadId(01) voxtech app init:gfx init: naga::front: 117: Resolving [173] = Access { base: [167], index: [172] } : Value(Pointer { base: [1], space: Storage { access: StorageAccess(LOAD) } })
2026-01-07T21:15:33.717987Z DEBUG main ThreadId(01) voxtech app init:gfx init: naga::front: 117: Resolving [174] = Load { pointer: [173] } : Handle([1])
2026-01-07T21:15:33.717989Z DEBUG main ThreadId(01) voxtech app init:gfx init: naga::front: 117: Resolving [175] = GlobalVariable([3]) : Value(Pointer { base: [5], space: Storage { access: StorageAccess(LOAD | STORE) } })
2026-01-07T21:15:33.717990Z DEBUG main ThreadId(01) voxtech app init:gfx init: naga::front: 117: Resolving [176] = Literal(AbstractInt(1)) : Value(Scalar(Scalar { kind: AbstractInt, width: 8 }))
2026-01-07T21:15:33.717992Z DEBUG main ThreadId(01) voxtech app init:gfx init: naga::front::wgsl::lower::conversion: 315: wgsl automatic_conversion_consensus: u32, {AbstractInt}
2026-01-07T21:15:33.717993Z DEBUG main ThreadId(01) voxtech app init:gfx init: naga::front::wgsl::lower::conversion: 338:     consensus: u32
2026-01-07T21:15:33.717994Z DEBUG main ThreadId(01) voxtech app init:gfx init: naga::front: 117: Resolving [177] = Literal(U32(1)) : Value(Scalar(Scalar { kind: Uint, width: 4 }))
2026-01-07T21:15:33.717995Z DEBUG main ThreadId(01) voxtech app init:gfx init: naga::front: 117: Resolving [178] = Binary { op: Add, left: [33], right: [177] } : Handle([1])
2026-01-07T21:15:33.717996Z DEBUG main ThreadId(01) voxtech app init:gfx init: naga::front: 117: Resolving [179] = Access { base: [175], index: [178] } : Value(Pointer { base: [1], space: Storage { access: StorageAccess(LOAD | STORE) } })
2026-01-07T21:15:33.717998Z DEBUG main ThreadId(01) voxtech app init:gfx init: naga::front: 117: Resolving [180] = GlobalVariable([2]) : Value(Pointer { base: [5], space: Storage { access: StorageAccess(LOAD) } })
2026-01-07T21:15:33.718000Z DEBUG main ThreadId(01) voxtech app init:gfx init: naga::front: 117: Resolving [181] = Literal(AbstractInt(3)) : Value(Scalar(Scalar { kind: AbstractInt, width: 8 }))
2026-01-07T21:15:33.718002Z DEBUG main ThreadId(01) voxtech app init:gfx init: naga::front::wgsl::lower::conversion: 315: wgsl automatic_conversion_consensus: u32, {AbstractInt}
2026-01-07T21:15:33.718003Z DEBUG main ThreadId(01) voxtech app init:gfx init: naga::front::wgsl::lower::conversion: 338:     consensus: u32
2026-01-07T21:15:33.718004Z DEBUG main ThreadId(01) voxtech app init:gfx init: naga::front: 117: Resolving [182] = Literal(U32(3)) : Value(Scalar(Scalar { kind: Uint, width: 4 }))
2026-01-07T21:15:33.718005Z DEBUG main ThreadId(01) voxtech app init:gfx init: naga::front: 117: Resolving [183] = Binary { op: Add, left: [26], right: [182] } : Handle([1])
2026-01-07T21:15:33.718006Z DEBUG main ThreadId(01) voxtech app init:gfx init: naga::front: 117: Resolving [184] = As { expr: [19], kind: Uint, convert: Some(4) } : Value(Scalar(Scalar { kind: Uint, width: 4 }))
2026-01-07T21:15:33.718008Z DEBUG main ThreadId(01) voxtech app init:gfx init: naga::front::wgsl::lower::conversion: 315: wgsl automatic_conversion_consensus: u32, u32
2026-01-07T21:15:33.718009Z DEBUG main ThreadId(01) voxtech app init:gfx init: naga::front::wgsl::lower::conversion: 338:     consensus: u32
2026-01-07T21:15:33.718010Z DEBUG main ThreadId(01) voxtech app init:gfx init: naga::front: 117: Resolving [185] = Binary { op: Add, left: [183], right: [184] } : Handle([1])
2026-01-07T21:15:33.718012Z DEBUG main ThreadId(01) voxtech app init:gfx init: naga::front: 117: Resolving [186] = Access { base: [180], index: [185] } : Value(Pointer { base: [1], space: Storage { access: StorageAccess(LOAD) } })
2026-01-07T21:15:33.718013Z DEBUG main ThreadId(01) voxtech app init:gfx init: naga::front: 117: Resolving [187] = Load { pointer: [186] } : Handle([1])
2026-01-07T21:15:33.718015Z DEBUG main ThreadId(01) voxtech app init:gfx init: naga::front: 117: Resolving [188] = GlobalVariable([3]) : Value(Pointer { base: [5], space: Storage { access: StorageAccess(LOAD | STORE) } })
2026-01-07T21:15:33.718017Z DEBUG main ThreadId(01) voxtech app init:gfx init: naga::front: 117: Resolving [189] = Literal(AbstractInt(2)) : Value(Scalar(Scalar { kind: AbstractInt, width: 8 }))
2026-01-07T21:15:33.718018Z DEBUG main ThreadId(01) voxtech app init:gfx init: naga::front::wgsl::lower::conversion: 315: wgsl automatic_conversion_consensus: u32, {AbstractInt}
2026-01-07T21:15:33.718019Z DEBUG main ThreadId(01) voxtech app init:gfx init: naga::front::wgsl::lower::conversion: 338:     consensus: u32
2026-01-07T21:15:33.718020Z DEBUG main ThreadId(01) voxtech app init:gfx init: naga::front: 117: Resolving [190] = Literal(U32(2)) : Value(Scalar(Scalar { kind: Uint, width: 4 }))
2026-01-07T21:15:33.718022Z DEBUG main ThreadId(01) voxtech app init:gfx init: naga::front: 117: Resolving [191] = Binary { op: Add, left: [33], right: [190] } : Handle([1])
2026-01-07T21:15:33.718023Z DEBUG main ThreadId(01) voxtech app init:gfx init: naga::front: 117: Resolving [192] = Access { base: [188], index: [191] } : Value(Pointer { base: [1], space: Storage { access: StorageAccess(LOAD | STORE) } })
2026-01-07T21:15:33.718025Z DEBUG main ThreadId(01) voxtech app init:gfx init: naga::front: 117: Resolving [193] = Literal(U32(0)) : Value(Scalar(Scalar { kind: Uint, width: 4 }))
2026-01-07T21:15:33.718027Z DEBUG main ThreadId(01) voxtech app init:gfx init: naga::front::wgsl::lower::conversion: 315: wgsl automatic_conversion_consensus: u32, u32
2026-01-07T21:15:33.718028Z DEBUG main ThreadId(01) voxtech app init:gfx init: naga::front::wgsl::lower::conversion: 338:     consensus: u32
2026-01-07T21:15:33.718029Z DEBUG main ThreadId(01) voxtech app init:gfx init: naga::front: 117: Resolving [194] = GlobalVariable([3]) : Value(Pointer { base: [5], space: Storage { access: StorageAccess(LOAD | STORE) } })
2026-01-07T21:15:33.718031Z DEBUG main ThreadId(01) voxtech app init:gfx init: naga::front: 117: Resolving [195] = Binary { op: Add, left: [33], right: [105] } : Handle([1])
2026-01-07T21:15:33.718032Z DEBUG main ThreadId(01) voxtech app init:gfx init: naga::front: 117: Resolving [196] = Literal(AbstractInt(0)) : Value(Scalar(Scalar { kind: AbstractInt, width: 8 }))
2026-01-07T21:15:33.718033Z DEBUG main ThreadId(01) voxtech app init:gfx init: naga::front::wgsl::lower::conversion: 315: wgsl automatic_conversion_consensus: u32, {AbstractInt}
2026-01-07T21:15:33.718034Z DEBUG main ThreadId(01) voxtech app init:gfx init: naga::front::wgsl::lower::conversion: 338:     consensus: u32
2026-01-07T21:15:33.718036Z DEBUG main ThreadId(01) voxtech app init:gfx init: naga::front: 117: Resolving [197] = Literal(U32(0)) : Value(Scalar(Scalar { kind: Uint, width: 4 }))
2026-01-07T21:15:33.718037Z DEBUG main ThreadId(01) voxtech app init:gfx init: naga::front: 117: Resolving [198] = Binary { op: Add, left: [195], right: [197] } : Handle([1])
2026-01-07T21:15:33.718038Z DEBUG main ThreadId(01) voxtech app init:gfx init: naga::front: 117: Resolving [199] = Access { base: [194], index: [198] } : Value(Pointer { base: [1], space: Storage { access: StorageAccess(LOAD | STORE) } })
2026-01-07T21:15:33.718040Z DEBUG main ThreadId(01) voxtech app init:gfx init: naga::front: 117: Resolving [200] = GlobalVariable([2]) : Value(Pointer { base: [5], space: Storage { access: StorageAccess(LOAD) } })
2026-01-07T21:15:33.718042Z DEBUG main ThreadId(01) voxtech app init:gfx init: naga::front: 117: Resolving [201] = Literal(AbstractInt(0)) : Value(Scalar(Scalar { kind: AbstractInt, width: 8 }))
2026-01-07T21:15:33.718044Z DEBUG main ThreadId(01) voxtech app init:gfx init: naga::front::wgsl::lower::conversion: 315: wgsl automatic_conversion_consensus: u32, {AbstractInt}
2026-01-07T21:15:33.718045Z DEBUG main ThreadId(01) voxtech app init:gfx init: naga::front::wgsl::lower::conversion: 338:     consensus: u32
2026-01-07T21:15:33.718046Z DEBUG main ThreadId(01) voxtech app init:gfx init: naga::front: 117: Resolving [202] = Literal(U32(0)) : Value(Scalar(Scalar { kind: Uint, width: 4 }))
2026-01-07T21:15:33.718047Z DEBUG main ThreadId(01) voxtech app init:gfx init: naga::front: 117: Resolving [203] = Binary { op: Add, left: [26], right: [202] } : Handle([1])
2026-01-07T21:15:33.718049Z DEBUG main ThreadId(01) voxtech app init:gfx init: naga::front: 117: Resolving [204] = Access { base: [200], index: [203] } : Value(Pointer { base: [1], space: Storage { access: StorageAccess(LOAD) } })
2026-01-07T21:15:33.718050Z DEBUG main ThreadId(01) voxtech app init:gfx init: naga::front: 117: Resolving [205] = Load { pointer: [204] } : Handle([1])
2026-01-07T21:15:33.718052Z DEBUG main ThreadId(01) voxtech app init:gfx init: naga::front::wgsl::lower::conversion: 315: wgsl automatic_conversion_consensus: u32, u32
2026-01-07T21:15:33.718053Z DEBUG main ThreadId(01) voxtech app init:gfx init: naga::front::wgsl::lower::conversion: 338:     consensus: u32
2026-01-07T21:15:33.718054Z DEBUG main ThreadId(01) voxtech app init:gfx init: naga::front: 117: Resolving [206] = GlobalVariable([3]) : Value(Pointer { base: [5], space: Storage { access: StorageAccess(LOAD | STORE) } })
2026-01-07T21:15:33.718056Z DEBUG main ThreadId(01) voxtech app init:gfx init: naga::front: 117: Resolving [207] = Binary { op: Add, left: [33], right: [105] } : Handle([1])
2026-01-07T21:15:33.718057Z DEBUG main ThreadId(01) voxtech app init:gfx init: naga::front: 117: Resolving [208] = Literal(AbstractInt(1)) : Value(Scalar(Scalar { kind: AbstractInt, width: 8 }))
2026-01-07T21:15:33.718059Z DEBUG main ThreadId(01) voxtech app init:gfx init: naga::front::wgsl::lower::conversion: 315: wgsl automatic_conversion_consensus: u32, {AbstractInt}
2026-01-07T21:15:33.718060Z DEBUG main ThreadId(01) voxtech app init:gfx init: naga::front::wgsl::lower::conversion: 338:     consensus: u32
2026-01-07T21:15:33.718061Z DEBUG main ThreadId(01) voxtech app init:gfx init: naga::front: 117: Resolving [209] = Literal(U32(1)) : Value(Scalar(Scalar { kind: Uint, width: 4 }))
2026-01-07T21:15:33.718062Z DEBUG main ThreadId(01) voxtech app init:gfx init: naga::front: 117: Resolving [210] = Binary { op: Add, left: [207], right: [209] } : Handle([1])
2026-01-07T21:15:33.718063Z DEBUG main ThreadId(01) voxtech app init:gfx init: naga::front: 117: Resolving [211] = Access { base: [206], index: [210] } : Value(Pointer { base: [1], space: Storage { access: StorageAccess(LOAD | STORE) } })
2026-01-07T21:15:33.718065Z DEBUG main ThreadId(01) voxtech app init:gfx init: naga::front: 117: Resolving [212] = GlobalVariable([2]) : Value(Pointer { base: [5], space: Storage { access: StorageAccess(LOAD) } })
2026-01-07T21:15:33.718067Z DEBUG main ThreadId(01) voxtech app init:gfx init: naga::front: 117: Resolving [213] = Literal(AbstractInt(1)) : Value(Scalar(Scalar { kind: AbstractInt, width: 8 }))
2026-01-07T21:15:33.718069Z DEBUG main ThreadId(01) voxtech app init:gfx init: naga::front::wgsl::lower::conversion: 315: wgsl automatic_conversion_consensus: u32, {AbstractInt}
2026-01-07T21:15:33.718070Z DEBUG main ThreadId(01) voxtech app init:gfx init: naga::front::wgsl::lower::conversion: 338:     consensus: u32
2026-01-07T21:15:33.718071Z DEBUG main ThreadId(01) voxtech app init:gfx init: naga::front: 117: Resolving [214] = Literal(U32(1)) : Value(Scalar(Scalar { kind: Uint, width: 4 }))
2026-01-07T21:15:33.718072Z DEBUG main ThreadId(01) voxtech app init:gfx init: naga::front: 117: Resolving [215] = Binary { op: Add, left: [26], right: [214] } : Handle([1])
2026-01-07T21:15:33.718074Z DEBUG main ThreadId(01) voxtech app init:gfx init: naga::front: 117: Resolving [216] = Access { base: [212], index: [215] } : Value(Pointer { base: [1], space: Storage { access: StorageAccess(LOAD) } })
2026-01-07T21:15:33.718075Z DEBUG main ThreadId(01) voxtech app init:gfx init: naga::front: 117: Resolving [217] = Load { pointer: [216] } : Handle([1])
2026-01-07T21:15:33.718077Z DEBUG main ThreadId(01) voxtech app init:gfx init: naga::front::wgsl::lower::conversion: 315: wgsl automatic_conversion_consensus: u32, u32
2026-01-07T21:15:33.718078Z DEBUG main ThreadId(01) voxtech app init:gfx init: naga::front::wgsl::lower::conversion: 338:     consensus: u32
2026-01-07T21:15:33.718079Z DEBUG main ThreadId(01) voxtech app init:gfx init: naga::front: 117: Resolving [218] = GlobalVariable([3]) : Value(Pointer { base: [5], space: Storage { access: StorageAccess(LOAD | STORE) } })
2026-01-07T21:15:33.718081Z DEBUG main ThreadId(01) voxtech app init:gfx init: naga::front: 117: Resolving [219] = Binary { op: Add, left: [33], right: [105] } : Handle([1])
2026-01-07T21:15:33.718082Z DEBUG main ThreadId(01) voxtech app init:gfx init: naga::front: 117: Resolving [220] = Literal(AbstractInt(2)) : Value(Scalar(Scalar { kind: AbstractInt, width: 8 }))
2026-01-07T21:15:33.718083Z DEBUG main ThreadId(01) voxtech app init:gfx init: naga::front::wgsl::lower::conversion: 315: wgsl automatic_conversion_consensus: u32, {AbstractInt}
2026-01-07T21:15:33.718084Z DEBUG main ThreadId(01) voxtech app init:gfx init: naga::front::wgsl::lower::conversion: 338:     consensus: u32
2026-01-07T21:15:33.718086Z DEBUG main ThreadId(01) voxtech app init:gfx init: naga::front: 117: Resolving [221] = Literal(U32(2)) : Value(Scalar(Scalar { kind: Uint, width: 4 }))
2026-01-07T21:15:33.718087Z DEBUG main ThreadId(01) voxtech app init:gfx init: naga::front: 117: Resolving [222] = Binary { op: Add, left: [219], right: [221] } : Handle([1])
2026-01-07T21:15:33.718088Z DEBUG main ThreadId(01) voxtech app init:gfx init: naga::front: 117: Resolving [223] = Access { base: [218], index: [222] } : Value(Pointer { base: [1], space: Storage { access: StorageAccess(LOAD | STORE) } })
2026-01-07T21:15:33.718090Z DEBUG main ThreadId(01) voxtech app init:gfx init: naga::front: 117: Resolving [224] = GlobalVariable([2]) : Value(Pointer { base: [5], space: Storage { access: StorageAccess(LOAD) } })
2026-01-07T21:15:33.718092Z DEBUG main ThreadId(01) voxtech app init:gfx init: naga::front: 117: Resolving [225] = Literal(AbstractInt(2)) : Value(Scalar(Scalar { kind: AbstractInt, width: 8 }))
2026-01-07T21:15:33.718093Z DEBUG main ThreadId(01) voxtech app init:gfx init: naga::front::wgsl::lower::conversion: 315: wgsl automatic_conversion_consensus: u32, {AbstractInt}
2026-01-07T21:15:33.718095Z DEBUG main ThreadId(01) voxtech app init:gfx init: naga::front::wgsl::lower::conversion: 338:     consensus: u32
2026-01-07T21:15:33.718096Z DEBUG main ThreadId(01) voxtech app init:gfx init: naga::front: 117: Resolving [226] = Literal(U32(2)) : Value(Scalar(Scalar { kind: Uint, width: 4 }))
2026-01-07T21:15:33.718097Z DEBUG main ThreadId(01) voxtech app init:gfx init: naga::front: 117: Resolving [227] = Binary { op: Add, left: [26], right: [226] } : Handle([1])
2026-01-07T21:15:33.718099Z DEBUG main ThreadId(01) voxtech app init:gfx init: naga::front: 117: Resolving [228] = Access { base: [224], index: [227] } : Value(Pointer { base: [1], space: Storage { access: StorageAccess(LOAD) } })
2026-01-07T21:15:33.718100Z DEBUG main ThreadId(01) voxtech app init:gfx init: naga::front: 117: Resolving [229] = Load { pointer: [228] } : Handle([1])
2026-01-07T21:15:33.718101Z DEBUG main ThreadId(01) voxtech app init:gfx init: naga::front::wgsl::lower::conversion: 315: wgsl automatic_conversion_consensus: u32, u32
2026-01-07T21:15:33.718103Z DEBUG main ThreadId(01) voxtech app init:gfx init: naga::front::wgsl::lower::conversion: 338:     consensus: u32
2026-01-07T21:15:33.718104Z DEBUG main ThreadId(01) voxtech app init:gfx init: naga::front: 117: Resolving [230] = GlobalVariable([3]) : Value(Pointer { base: [5], space: Storage { access: StorageAccess(LOAD | STORE) } })
2026-01-07T21:15:33.718105Z DEBUG main ThreadId(01) voxtech app init:gfx init: naga::front: 117: Resolving [231] = Binary { op: Add, left: [33], right: [105] } : Handle([1])
2026-01-07T21:15:33.718106Z DEBUG main ThreadId(01) voxtech app init:gfx init: naga::front: 117: Resolving [232] = Literal(AbstractInt(3)) : Value(Scalar(Scalar { kind: AbstractInt, width: 8 }))
2026-01-07T21:15:33.718108Z DEBUG main ThreadId(01) voxtech app init:gfx init: naga::front::wgsl::lower::conversion: 315: wgsl automatic_conversion_consensus: u32, {AbstractInt}
2026-01-07T21:15:33.718109Z DEBUG main ThreadId(01) voxtech app init:gfx init: naga::front::wgsl::lower::conversion: 338:     consensus: u32
2026-01-07T21:15:33.718110Z DEBUG main ThreadId(01) voxtech app init:gfx init: naga::front: 117: Resolving [233] = Literal(U32(3)) : Value(Scalar(Scalar { kind: Uint, width: 4 }))
2026-01-07T21:15:33.718112Z DEBUG main ThreadId(01) voxtech app init:gfx init: naga::front: 117: Resolving [234] = Binary { op: Add, left: [231], right: [233] } : Handle([1])
2026-01-07T21:15:33.718113Z DEBUG main ThreadId(01) voxtech app init:gfx init: naga::front: 117: Resolving [235] = Access { base: [230], index: [234] } : Value(Pointer { base: [1], space: Storage { access: StorageAccess(LOAD | STORE) } })
2026-01-07T21:15:33.718115Z DEBUG main ThreadId(01) voxtech app init:gfx init: naga::front: 117: Resolving [236] = GlobalVariable([2]) : Value(Pointer { base: [5], space: Storage { access: StorageAccess(LOAD) } })
2026-01-07T21:15:33.718116Z DEBUG main ThreadId(01) voxtech app init:gfx init: naga::front: 117: Resolving [237] = Literal(AbstractInt(3)) : Value(Scalar(Scalar { kind: AbstractInt, width: 8 }))
2026-01-07T21:15:33.718118Z DEBUG main ThreadId(01) voxtech app init:gfx init: naga::front::wgsl::lower::conversion: 315: wgsl automatic_conversion_consensus: u32, {AbstractInt}
2026-01-07T21:15:33.718119Z DEBUG main ThreadId(01) voxtech app init:gfx init: naga::front::wgsl::lower::conversion: 338:     consensus: u32
2026-01-07T21:15:33.718120Z DEBUG main ThreadId(01) voxtech app init:gfx init: naga::front: 117: Resolving [238] = Literal(U32(3)) : Value(Scalar(Scalar { kind: Uint, width: 4 }))
2026-01-07T21:15:33.718121Z DEBUG main ThreadId(01) voxtech app init:gfx init: naga::front: 117: Resolving [239] = Binary { op: Add, left: [26], right: [238] } : Handle([1])
2026-01-07T21:15:33.718123Z DEBUG main ThreadId(01) voxtech app init:gfx init: naga::front: 117: Resolving [240] = Access { base: [236], index: [239] } : Value(Pointer { base: [1], space: Storage { access: StorageAccess(LOAD) } })
2026-01-07T21:15:33.718124Z DEBUG main ThreadId(01) voxtech app init:gfx init: naga::front: 117: Resolving [241] = Load { pointer: [240] } : Handle([1])
2026-01-07T21:15:33.718126Z DEBUG main ThreadId(01) voxtech app init:gfx init: naga::front::wgsl::lower::conversion: 315: wgsl automatic_conversion_consensus: u32, u32
2026-01-07T21:15:33.718127Z DEBUG main ThreadId(01) voxtech app init:gfx init: naga::front::wgsl::lower::conversion: 338:     consensus: u32
2026-01-07T21:15:33.718129Z DEBUG main ThreadId(01) voxtech app init:gfx init: naga::front: 117: Resolving [242] = GlobalVariable([3]) : Value(Pointer { base: [5], space: Storage { access: StorageAccess(LOAD | STORE) } })
2026-01-07T21:15:33.718130Z DEBUG main ThreadId(01) voxtech app init:gfx init: naga::front: 117: Resolving [243] = Binary { op: Add, left: [33], right: [105] } : Handle([1])
2026-01-07T21:15:33.718132Z DEBUG main ThreadId(01) voxtech app init:gfx init: naga::front: 117: Resolving [244] = Literal(AbstractInt(4)) : Value(Scalar(Scalar { kind: AbstractInt, width: 8 }))
2026-01-07T21:15:33.718134Z DEBUG main ThreadId(01) voxtech app init:gfx init: naga::front::wgsl::lower::conversion: 315: wgsl automatic_conversion_consensus: u32, {AbstractInt}
2026-01-07T21:15:33.718135Z DEBUG main ThreadId(01) voxtech app init:gfx init: naga::front::wgsl::lower::conversion: 338:     consensus: u32
2026-01-07T21:15:33.718136Z DEBUG main ThreadId(01) voxtech app init:gfx init: naga::front: 117: Resolving [245] = Literal(U32(4)) : Value(Scalar(Scalar { kind: Uint, width: 4 }))
2026-01-07T21:15:33.718137Z DEBUG main ThreadId(01) voxtech app init:gfx init: naga::front: 117: Resolving [246] = Binary { op: Add, left: [243], right: [245] } : Handle([1])
2026-01-07T21:15:33.718139Z DEBUG main ThreadId(01) voxtech app init:gfx init: naga::front: 117: Resolving [247] = Access { base: [242], index: [246] } : Value(Pointer { base: [1], space: Storage { access: StorageAccess(LOAD | STORE) } })
2026-01-07T21:15:33.718141Z DEBUG main ThreadId(01) voxtech app init:gfx init: naga::front: 117: Resolving [248] = GlobalVariable([2]) : Value(Pointer { base: [5], space: Storage { access: StorageAccess(LOAD) } })
2026-01-07T21:15:33.718142Z DEBUG main ThreadId(01) voxtech app init:gfx init: naga::front: 117: Resolving [249] = Literal(AbstractInt(4)) : Value(Scalar(Scalar { kind: AbstractInt, width: 8 }))
2026-01-07T21:15:33.718144Z DEBUG main ThreadId(01) voxtech app init:gfx init: naga::front::wgsl::lower::conversion: 315: wgsl automatic_conversion_consensus: u32, {AbstractInt}
2026-01-07T21:15:33.718145Z DEBUG main ThreadId(01) voxtech app init:gfx init: naga::front::wgsl::lower::conversion: 338:     consensus: u32
2026-01-07T21:15:33.718146Z DEBUG main ThreadId(01) voxtech app init:gfx init: naga::front: 117: Resolving [250] = Literal(U32(4)) : Value(Scalar(Scalar { kind: Uint, width: 4 }))
2026-01-07T21:15:33.718147Z DEBUG main ThreadId(01) voxtech app init:gfx init: naga::front: 117: Resolving [251] = Binary { op: Add, left: [26], right: [250] } : Handle([1])
2026-01-07T21:15:33.718149Z DEBUG main ThreadId(01) voxtech app init:gfx init: naga::front: 117: Resolving [252] = Access { base: [248], index: [251] } : Value(Pointer { base: [1], space: Storage { access: StorageAccess(LOAD) } })
2026-01-07T21:15:33.718150Z DEBUG main ThreadId(01) voxtech app init:gfx init: naga::front: 117: Resolving [253] = Load { pointer: [252] } : Handle([1])
2026-01-07T21:15:33.718153Z DEBUG main ThreadId(01) voxtech app init:gfx init: naga::front: 117: Resolving [11] = Literal(I32(0)) : Value(Scalar(Scalar { kind: Sint, width: 4 }))
2026-01-07T21:15:33.718155Z DEBUG main ThreadId(01) voxtech app init:gfx init: naga::front: 117: Resolving [12] = Literal(AbstractInt(64)) : Value(Scalar(Scalar { kind: AbstractInt, width: 8 }))
2026-01-07T21:15:33.718208Z DEBUG main ThreadId(01) voxtech app init:gfx init: naga::valid::interface: 642: var GlobalVariable { name: Some("metadata_range"), space: Immediate, binding: None, ty: [3], init: None }
2026-01-07T21:15:33.718213Z DEBUG main ThreadId(01) voxtech app init:gfx init: naga::valid::interface: 642: var GlobalVariable { name: Some("metadata"), space: Storage { access: StorageAccess(LOAD) }, binding: Some(ResourceBinding { group: 0, binding: 0 }), ty: [4], init: None }
2026-01-07T21:15:33.718215Z DEBUG main ThreadId(01) voxtech app init:gfx init: naga::valid::interface: 642: var GlobalVariable { name: Some("src"), space: Storage { access: StorageAccess(LOAD) }, binding: Some(ResourceBinding { group: 1, binding: 0 }), ty: [5], init: None }
2026-01-07T21:15:33.718217Z DEBUG main ThreadId(01) voxtech app init:gfx init: naga::valid::interface: 642: var GlobalVariable { name: Some("dst"), space: Storage { access: StorageAccess(LOAD | STORE) }, binding: Some(ResourceBinding { group: 2, binding: 0 }), ty: [5], init: None }
2026-01-07T21:15:33.718245Z DEBUG main ThreadId(01) voxtech app init:gfx init: naga::valid::function: 1654: var LocalVariable { name: Some("failed"), ty: [0], init: Some([14]) }
2026-01-07T21:15:33.718248Z DEBUG main ThreadId(01) voxtech app init:gfx init: naga::valid::function: 1654: var LocalVariable { name: None, ty: [0], init: None }
2026-01-07T21:15:33.718249Z DEBUG main ThreadId(01) voxtech app init:gfx init: naga::valid::function: 1654: var LocalVariable { name: None, ty: [0], init: None }
2026-01-07T21:15:33.718400Z DEBUG main ThreadId(01) voxtech app init:gfx init: naga::valid::interface: 642: var GlobalVariable { name: Some("metadata_range"), space: Immediate, binding: None, ty: [3], init: None }
2026-01-07T21:15:33.718404Z DEBUG main ThreadId(01) voxtech app init:gfx init: naga::valid::interface: 642: var GlobalVariable { name: Some("metadata"), space: Storage { access: StorageAccess(LOAD) }, binding: Some(ResourceBinding { group: 0, binding: 0 }), ty: [4], init: None }
2026-01-07T21:15:33.718406Z DEBUG main ThreadId(01) voxtech app init:gfx init: naga::valid::interface: 642: var GlobalVariable { name: Some("src"), space: Storage { access: StorageAccess(LOAD) }, binding: Some(ResourceBinding { group: 1, binding: 0 }), ty: [5], init: None }
2026-01-07T21:15:33.718408Z DEBUG main ThreadId(01) voxtech app init:gfx init: naga::valid::interface: 642: var GlobalVariable { name: Some("dst"), space: Storage { access: StorageAccess(LOAD | STORE) }, binding: Some(ResourceBinding { group: 2, binding: 0 }), ty: [5], init: None }
2026-01-07T21:15:33.718418Z DEBUG main ThreadId(01) voxtech app init:gfx init: naga::valid::function: 1654: var LocalVariable { name: Some("failed"), ty: [0], init: Some([14]) }
2026-01-07T21:15:33.718421Z DEBUG main ThreadId(01) voxtech app init:gfx init: naga::valid::function: 1654: var LocalVariable { name: None, ty: [0], init: None }
2026-01-07T21:15:33.718422Z DEBUG main ThreadId(01) voxtech app init:gfx init: naga::valid::function: 1654: var LocalVariable { name: None, ty: [0], init: None }
2026-01-07T21:15:33.730606Z DEBUG main ThreadId(01) voxtech app init:gfx init: wgpu_core::device::resource: 4903: configuring surface with SurfaceConfiguration { usage: TextureUsages(RENDER_ATTACHMENT), format: Rgba8UnormSrgb, width: 1280, height: 720, present_mode: Fifo, desired_maximum_frame_latency: 2, alpha_mode: Auto, view_formats: [] }
2026-01-07T21:15:33.797922Z  INFO main ThreadId(01) voxtech app init: voxtech_experimental::frontend::window: 91: voxtech app init succeed
